id,name,pledged,tier_rev,rev_cov
19327102,Trudvang: Seed of Vanirs,148886.0993484315,89382.07,0.6003385835961967
31978058,The Thundercats Roleplaying Game is Here!,321939,211095,0.6556987503843896
40736229,Age of Antiquity: An Ancient World Setting for 5E.,163105.5,110005,0.6744407760621193
59430470,Sandy Petersen's Cthulhu Mythos for 5e,231279.88,222498,0.9620292089394028
63683551,The Wildsea RPG,135840,85905,0.632398409893993
69845919,Hundreds of New Monsters for Shadowdark RPG!,312229,198806,0.6367313734470533
75749337,Kamigakari: God Hunters - Modern Action Anime Roleplaying,79485,69297,0.871824872617475
79428668,The Dark Moon Rises,261262.86628632,192170.48,0.7355445598970001
83121044,ACUTE PARANOIA: A box full of treason and summary executions,91370.99920305,88289.98,0.966280119185266
88939782,Lairs & Legends 3: The Definitive 5e Game Master Collection,208681,125860,0.603121510822739
91289943,Your Best Game Ever!,581673,492945,0.8474606866744717
100177985,Heart: The City Beneath RPG,124224.31524996,90545.15,0.7288842753353728
103372532,Advanced Player's Guide 2 and Bestiary 2,154135,134355,0.8716709378142538
120834240,Rōnin: Densetsu,187426.60032124,105926.75,0.5651639085297752
124987664,Shadows of Esteren RPG: Dark Romanticism,136333,98980,0.7260164450279829
138222945,Thirsty Sword Lesbians,298568,182057,0.6097672891937516
141214470,The Smurfs: Roleplaying Game,137375,124951,0.9095614194722474
147748820,Heroes of Might and Magic TTRPG,236221.14137895,186623.73,0.7900382197400995
162898685,Ultimate Kingdoms for DnD 5E or PFRPG,71163,59459,0.835532509871703
164422068,Tales from the Loop - Roleplaying in the '80s That Never Was,406297.71062496,254885.3,0.6273362938913436
186851036,Fate of Cthulhu,93894,67749,0.7215477027286089
194038714,A Strange Box,162819,157180,0.9653664498615027
207976437,"Eldamon! Befriend, Train, Battle, & Evolve in DnD 5E & PF2e",237080,145854,0.6152100556774085
212538961,SIN: A Spire RPG Sourcebook,128192.9042082,71636.76,0.5588200099098596
215582290,Beyond the Woods: Open World Exploration and Survival for 5e,226165.82132917,166818.28,0.7375927937281318
220682271,Mutant Chronicles 3rd Ed. RPG,249255.316697068,90910,0.36472642270851663
221664601,Adventures in Teaching and Learning with TTRPGs:,81493,64185,0.7876136600689629
223582974,Good Society: A Jane Austen Roleplaying Game,123765.4129220992,96815.98,0.7822539246965402
226200089,Aizendore's Vault of Tragic Treasure - Magic Items for 5e,110538.0135989754,86211.79000000001,0.7799288877468947
227616328,Soldier Lune – A Magical Girl Tabletop Role-Playing Game,71968,51230,0.7118441529568698
228757397,Battlezoo Ancestries: Living Legends for Pathfinder and 5E,123082,81237,0.6600233990347898
231163492,Robert E. Howard's Conan Roleplaying Game,634208.728026822,401683,0.6333608830167534
237602901,Demon City: The Ultimate Horror RPG,74183,67030,0.9035762910639904
240140839,World of Darkness Dark Eras Prestige Edition,128290.87,107044,0.8343851748764352
259723232,Project Infinite Hole: An R&D Sourcebox for the Paranoia RPG,91134.13662056,87137.75,0.9561483021757358
284826702,Inferno - Dante's Guide to Hell for 5e,491058.9509112,360539.99,0.7342091806513018
288262956,ZAMANORA: Ballad of the Witch,316168.94816505,196467.44999999998,0.6214002075163874
294405663,Nights of Payne Town: a new story arc for City of Mist RPG!,182969.8,136452,0.7457624154368645
296599506,Trinity Continuum: Aberrant,125098,82825,0.6620809285520152
310423733,Dungeon Notes,101647,67762,0.6666404320835834
327202988,The Deluge: Northern War 1655-1660,94681.714673553,36488,0.3853753612912972
329454592,"Greg Stolze's Reign, Second Edition",88529,83298,0.9409120175309785
336368382,TRINITY CONTINUUM: AEON RPG,184515,170960,0.9265371379020676
337693015,The Savage World of Solomon Kane RPG,166244.32390728,121530.71999999999,0.7310368086177891
349472500,Earthdawn 4th Edition,109596,50507,0.46084711120843824
362001069,Feng Shui 2: Action Movie Roleplaying Game by Robin D. Laws,185137.64,113859,0.6149964966605386
365943468,Fallen London: The Roleplaying Game,1094427,686192,0.6269874555360934
366886401,Odyssey of the Dragonlords: Remastered Edition,279919,247458,0.8840343099253712
371040605,Invisible Sun,664274.76,607141,0.9139907709273795
376596708,Trudvang Adventures - for 5E,197290.8504417823,124086.41,0.628951670704142
386095974,Blue Rose: The AGE Roleplaying Game of Romantic Fantasy,85850.01,78227,0.9112054850080973
386764160,"Bucket of Bolts, a solo RPG zine",99893.160322865,60350.64,0.604151873911492
407828944,Mothership Sci-Fi Horror RPG 1st Edition Boxed Set,1405569.16,1290202,0.9179213920715221
412970632,Cults of the Blood Gods for Vampire: The Masquerade 5th Ed.,150391,103355,0.6872419227214395
418937843,Pathfinder for Savage Worlds,411355,324949,0.7899478552588397
420721531,MAIN GAUCHE chaos supplement for ZWEIHÄNDER Grim & Perilous,75171,49156,0.653922390283487
428084629,Twisting Catacombs . Litchmyre Dungeon,109996.177522305,81468.58,0.7406491919546915
437414465,Cthulhu Britannica: London -  Call of Cthulhu RPG boxed set,144796.472604864,59450,0.41057630017157587
445774756,Creatures: Complete Monster Compendium 2 for 5E,383349,345325,0.9008110103326212
451993777,The Pioneer RPG: Explore the Solar System,136300.86706176,84073.64,0.6168239557999654
454195859,Primeval Thule,75232.5,68305,0.9079187850995248
458610231,Numenera: A new roleplaying game from Monte Cook,517255.84,394805,0.7632683277196058
468387422,Secrets of Magic: Lore & Magic Toolbox for 5E and Fateforge,125751,99360,0.7901328816470644
471896355,Old Gods of Appalachia Roleplaying Game,2097820.66,1376990,0.6563907135894066
502160252,7th Sea: Khitai,207646,156555,0.7539514365795633
505885200,Mutant: Mechatron - Rise of the Robots Roleplaying,132355.02359646,106225.2,0.8025777723698062
515294080,"Eclipse Phase, Second Edition RPG",187307,182185,0.9726545190516105
515360362,Nightmare Over Ragged Hollow,76434.02966517,54432.75,0.7121533463360534
518211075,John Carter of Mars - The Roleplaying Game,309229.0946625032,182940.13,0.5916006390008783
518795559,How to Write Adventure Modules That Don't Suck,125456.75,106684,0.8503647671408673
518899010,Sunken Isles | 5e Adventure Campaign & Rules Supplement,506465,355480,0.7018846317119642
522276836,THE SECRET WORLD PRINT EDITION FOR SAVAGE WORLDS,80055,66925,0.835987758416089
544551332,Ultimate Bestiary: The Dreaded Accursed for 5th Edition!,170073,167694,0.9860118890123653
549300341,7th Sea 3rd Edition,456452.36060112,353109.79000000004,0.7735961525863858
555279400,Surviving Strangehollow: Hand-painted 5E by a Legendary Team,116299,77530,0.6666437372634331
557160512,Into the Odd Remastered,153427.776757509,115495.13,0.7527654538235201
565452076,Shinobigami - Modern Ninja Battle Tabletop RPG from Japan,87868,75713,0.8616675012518779
584013973,Bitter Chalice: a map-based Soulslike TTRPG,78168.4678242,69694.89,0.8915985171507138
591415993,"Judges Guild Deluxe: Dark Tower, Caverns of Thracia, & More",84612,63488,0.7503427409823665
604514297,Dungeons of Drakkenheim: Daggerheart,509325,425200,0.8348304128012566
625447476,Monster Hunter International RPG: Savage Worlds Edition,122985,102223,0.8311826645525877
626598507,Monarchies of Mau Fantasy Tabletop RPG,118534,84370,0.7117788988813336
630656171,Monsters of Drakkenheim - 5E Monsters with Lore Lairs & Loot,1065710,637630,0.59831473853112
637189433,Fall of Magic – a role playing game of profound fantasy,75136.66,60960,0.8113216637524212
646409113,Spectacular Settlements for 5th Edition!,102670.26,100989,0.9836246640458494
646523073,Shadowdark RPG: The Western Reaches Setting,3148567,1981599,0.6293653589077189
647740666,Tome of Beasts: 400+ New Monsters for 5th Edition,191431,175117,0.9147786931061322
649486549,Grim Hollow: Transformed,1040544,837575,0.8049395316296091
666763798,Adventures & Academia: First Class,110235.11838535,92376.90000000001,0.8379988278969064
670172781,Zairoo: The Pan-African Fantasy Role Playing Game,112376,62050,0.5521641631665124
674821442,Odyssey of the Dragonlords: 5th Edition Adventure Book,456332,298502,0.6541333941077987
680310506,Apocalypse World 2nd Edition,149681,119298,0.7970149852018626
694793420,City of Brass: Epic Adventure for 5e and Swords and Wizardry,70247,67375,0.9591156917733141
700637793,Things from the Flood - Sequel to Tales from the Loop RPG,469933.06672403,364973.51999999996,0.7766500079347088
706682640,Desolation of Time: A Grim Adventure and Grimoire for 5E+,70188,50517,0.7197384168233886
718450083,Fantasy World Creator + APP: Modular tiles for TABLETOP RPG,91662.420355,87787.26999999999,0.9577236741077542
727221028,Monsters & More! A Nimble TTRPG Reprint & Expansion,1105407,604598,0.5469460569726806
739088516,The Deck of Stories and NPC Cards,171484.89,170384,0.9935802507148005
740073300,GHOST IN THE SHELL ARISE - Tabletop Roleplaying Game,513582.89581016,461063.19000000006,0.8977386002559298
742525199,Western - the Roleplaying Game,86446.3089477,72777.09,0.8418761990639776
759188489,Dolmenwood Tabletop RPG,1389313.29,1181030,0.8500818415117875
764242494,Dusk City Outlaws,154155,96985,0.629139502448834
770262509,Book of Spirits: An Ethereal Supplement for 5E,224142,145115,0.6474244006031891
804672688,Carbon 2185 | A Cyberpunk RPG | Terminal Overdrive,237073.68177986,121205.56,0.5112569184821961
810800705,Fantasy World Creator,159082.5055305066,145377.52,0.9138498260081875
816378530,Windheim Falling,70286.8075938,57576.55,0.8191658146254864
819291103,Fateforge: a 5th Edition Roleplaying Game,125877,89560,0.7114881987972386
825778086,Diceborn Heroes: A Co-op Dice Adventure Game,109022.65193262,86541.75,0.793796045738146
840121834,Ghost Hunters for World of Darkness 20th Anniversary,72816,42360,0.5817402768622281
853120791,A Touch More Class: 9 New 5th Edition Classes,119041.83086341,87724.59,0.736922385717137
857268609,Before All Others,146249,91716,0.6271222367332426
878356662,Level Up: Advanced 5th Edition,949949.98933716,618758.89,0.6513594367549255
885428476,DarkSpace - Sci-Fi Rules for Shadowdark,102514,70461,0.6873305109546013
888721245,"Stalingrad: Inferno on the Volga. WW2 solo, 2, 3 player game",74291.97998721,55362.259999999995,0.7451983378223475
906155904,"Brancalonia 5E: Complete Knave, Grand Theft Market & Saints",234262.67853198,175612.97999999998,0.7496413047971978
911432658,Shield Maidens: A New Viking/Cyberpunk Tabletop RPG,77292.407997225,47255.579999999994,0.6113870847664183
914370670,Ghoul Island,72008.79,61675,0.8564926587434674
937868037,Secret Dragons: Epic New Playable Dragons for 5E and PF2,221827,153966,0.6940814238122501
938049399,Enthralling Adventures and Incredible World for 5th Edition!,134180,98329,0.7328141302727679
952889261,BRANCALONIA - THE SPAGHETTI FANTASY RPG,206909.97637074,160375.76,0.7750992137403743
953664408,Traveller RPG: The Deepnight Revelation Campaign Box Set,143684.0043092619,89262.39,0.6212409685344922
959873660,Dice Bites:Collection of Molds for RPG-Dice Treats & Crafts.,175312,101733,0.5802968422013325
959884646,Delta Green: The Labyrinth,156293,82798,0.5297614096600616
966991044,Project: Dark,75045.13,68359,0.9109052113041846
980688609,Rise of the Drow: Collector's Edition for D&D 5E or PFRPG,212825.01,149836,0.7040337975315965
981504825,Lunars: Fangs at the Gate for Exalted 3rd Ed.,288526,241910,0.8384339712885494
982134036,Blackstorm Realms: A 5th Edition Setting,111128,66895,0.6019635015477648
991176262,Cairo:Otherscape & Neuro:Otherscape - Mythic Cyberpunk RPG,303202,264458,0.8722172017334978
1007506307,Temeraire: The Roleplaying Game,523096,326063,0.6233330019728692
1008570694,Lone Wolf—Adventures in Magnamund,147528.88533978,98654.90000000001,0.6687158231608932
1013378690,AFFINITY: Three sci-fi/fantasy campaign settings for 5E,84982.3217324151,72817.3,0.8568523254669452
1021205843,A Touch of Class: 7 New Classes for 5th Edition,84925.10693888,74873.9,0.8816462257019732
1026598212,Numenera: Into the Ninth World,417560,253980,0.6082479164670945
1035728884,ZWEIHANDER RPG Reforged Edition,166813,138142,0.8281249063322403
1046146938,Adventures Await!,74887.66,63475,0.8476029295080124
1050139758,KULT: Divinity Lost - Horror Roleplaying Game (RPG),323530.9703830025,1352095,4.179182593862228
1065283803,Rifts® for Savage Worlds: American Armageddon,230387.82,224393,0.9739794404061811
1085110982,"The Strange, a Tabletop RPG by Bruce Cordell & Monte Cook",418478.42,384265,0.9182432871926826
1095031740,Dragonflight,108683,107421,0.9883882483921128
1118963986,Jiangshi: Blood in the Banquet Hall,100688,82125,0.815638407754648
1138306119,"Dungeon Fantasy Roleplaying Game, Powered by GURPS",176450,160067,0.9071521677529045
1142235214,Arcana Note: 5E Leather Journal & Adventure Kit,76002.99,47967,0.6311199072562803
1143220912,Tome of Beasts 2 for 5th Edition: 400 New Monsters,413021,410909,0.9948864585577973
1143933257,Hyper Light Drifter: Tabletop Role-Playing Game,73711.85,72872,0.9886063095689498
1147838793,DCC Lankhmar,187171,137467,0.7344460413205037
1148690238,MONSTROUS,92169,54570,0.592064577026983
1151622238,Earthdawn Magic: Deeper Secrets,71655,31243,0.43601981717954086
1155736102,Gallows Corner - A Peasants' Revolt RPG,116122.13851288,88196.44,0.7595144313521014
1157817746,Treacherous Traps for 5th Edition!,161691,158839,0.9823614177659857
1159585524,Monsters of Murka: Restaurants and Retail,82018,54970,0.6702187324733595
1162408509,The Yellow King Roleplaying Game from Robin D. Laws,213135.78070445,167927.43,0.7878894357623637
1180980210,Historia: Dark Fantasy Renaissance Setting for 5e,112114.447701174,68180.14,0.6081298298121667
1186035417,"Heroes of Normandie, strategic resupply",225081.84631348,84940,0.3773738370783615
1187929391,The Black Hack RPG Second Edition,72383.58112464,57482.659999999996,0.7941394872549681
1191506987,Broken Tales,147060.48860016,112550.53,0.7653349385096327
1192342797,Sigil & Sign — Cthulhu Mythos RPG where you play the cultist,97604.87165156,95300.11,0.9763868174553031
1195567919,Svilland: 5E Norse Setting & Freyja's Tears A Grim Adventure,243242.9153923082,163649.58,0.6727825134642129
1200394135,Cats! The Conspurracy TTRPG,78766.05679068,52552.850000000006,0.6672017381758576
1219341623,Wondrous Expeditions: Forests - Roleplaying Guide,152677.23932877,98082.81,0.6424193313372126
1236349742,Shadows of Esteren - A Medieval Horror RPG: Occultism,129754,77802,0.59961157266828
1237480310,"Kingdoms, Warfare & More Minis!",1372685.18,1291315,0.9407218922550035
1237644644,Shadows of Esteren - A Medieval Horror RPG: Dearg,173684,153828,0.8856774371847723
1241676436,The Dark Eye RPG—English Edition,147512,116778,0.791650848744509
1243605332,Tome of Summoning: The All-In-One 5e Reference System,166202,111540,0.6711110576286687
1245986696,Vault 5e: Uncharted Dungeons,71322.3230832,61448.88,0.8615658792874388
1253306114,ASTRA ARCANUM: The Roleplaying Game,295333,152319,0.5157534037848801
1254009610,🐉 Draconis: The Peaceful Way to Play DND 5E,98685,96805,0.9809494857374474
1265495309,Silver's Monster Girl Manual!,149124,118615,0.7954118719991417
1268826056,Ultimate Bestiary: Secrets of the Fey for 5th Edition!,141240,87516,0.6196261682242991
1269320637,Mythic Carpathia & City of My Nightmares for the Vaesen RPG,551230.85618615,468225.99,0.8494190496510969
1271847410,FIST Paranormal Mercenary RPG Box Set,132189.69,94165,0.7123475363320695
1279559829,Forbidden Lands - Retro Open-World Survival Fantasy RPG,356014.38737774,289328.13999999996,0.8126866504780205
1283994656,Cthulhu Awakens Roleplaying Game,91309,62068,0.6797577456767679
1286599279,Grimslingers: The Northern Territory,150469.04,128146,0.8516436338000162
1287070652,Dragon Town and the Darkness Below: Fantasy TTRPG Adventure,116379,101215,0.8697015784634685
1296808139,Defiant RPG Reign & Legacy,76276.30642584,65819.07,0.8629032144338676
1301485413,Paranoia RPG,349074.9200379564,113659,0.3256005902332983
1303186633,Darkest Doom,393299.767209932,358518.72,0.91156606204812
1305498045,Professor Primula's Portfolio of Palaeontology,369029.3180002,240653.22,0.6521249349621311
1305532954,More Magic items for 5e: The Griffon's Saddlebag | Book One,663131,442765,0.6676885864180683
1308027924,Creed's Codex: Legends of the Psionics (D&D 5E),92712,46190,0.4982095090171715
1313878870,KULT: Divinity Lost - Horror Guide & Scenario Collection,200167.0659226764,166257.76,0.8305949794169666
1320623133,Shadowrun: Anarchy 2.0,286392.1221963,216446.44,0.7557695314385863
1326050971,"Witch+Craft, a 5e Supplemental",161533.6,106390,0.6586245833684138
1327791986,Echoes in the Deep - A Fateforge Tale: Advanced Solo TTRPG,84295.74402522,74454.23,0.8832501671463321
1332155207,The Ultraviolet Grasslands,108793.66,76290,0.7012357153900328
1337844686,"Lex Arcana - Roma the Eternal City, Atlantis and The Fall",198662.71908742,167622.00999999998,0.8437517153192653
1346194019,Old-School Essentials,180871.3266417,130829.25,0.7233277514415999
1352812530,Corpus Malicious - The Codex of Evil for 5E,118642.61541656,117756.78,0.992533581517486
1354627632,Mythological Figures & Maleficent Monsters for D&D,156609.47476564,105573.71,0.6741208356517826
1378803389,Erevan's Guide to Death and Beyond - A 5e Tome,1280716.9038232,902409.1699999999,0.7046125238966748
1381396851,Electric Bastionland RPG,73474.2628718958,50887.770000000004,0.6925931341254025
1383654850,When Society Collapsed: Dam Nation - A Tabletop RPG,817977,538822,0.6587251230780328
1383912749,THE FANTASY TRIP – Old-School Roleplaying!,314572.11,290210,0.9225547681261381
1384272728,Gates of Krystalia – Lumina: The Card-Based Anime JRPG TTRPG,201566.0643296,110624.32,0.5488241305297681
1384899329,Cities of Hârn,75383.23,52346,0.6943984756291287
1403121700,Heckna! Carnival Horror Campaign Setting for 5e DnD,653970,400195,0.6119470312093827
1404189412,Ryuutama - Natural Fantasy Role-Playing Game,97960.79,87489,0.893102229984058
1408544541,SYMBAROUM - Monster Codex,127058.24454852,95122.57,0.7486532679402426
1419722009,Zagalhta's Exolunar Collection: A 5th Edition Expansion,129927.5671824,79511.47,0.6119676657100575
1438803021,Torg Eternity,355992.02,229058,0.6434357713973475
1450961381,HeroBook - The 5E Player Character Notebook,163526.3643702138,124351.61,0.7604376852559107
1462484204,HULL BREACH Vol. 1,481022.99,365295,0.7594127673606619
1463105356,Vault of Magic for 5th Edition,474240,419470,0.8845099527665317
1467542810,Alice is Missing: A Silent Role Playing Game,138723.12,117151,0.8444951353458602
1472372289,Lex Arcana - An Empire Without End RPG,181155.5661277152,157316.13,0.8684035128630366
1485029332,The North Sea Epilogues RPG + Raiders Play Mat,70243.5547799052,55991.729999999996,0.7971084347231489
1485903280,Out of the Box: Encounters for 5th Edition,256734,214363,0.8349614776383338
1491991867,Lairs & Legends 2 - The Definitive 5e Resource Anthology,298492,166580,0.5580719081248409
1494470168,Wilderfeast,205937.5499065618,131801.73,0.6400082455084137
1498980312,Survivalist's Guide to Spelunking for DnD 5th Edition,131811,110197,0.8360227902071906
1505199645,Ptolus: Monte Cook's City by the Spire,782923,484510,0.6188475750488873
1505558165,Zander's Guide to Zombie Hunting,102607,53704,0.523395090003606
1514249917,Blade Runner RPG: Replicant Rebellion & Asset Pack,434097.8826688,273813.55,0.6307645370592816
1514567798,Hexbound: A Witchy Supplement for 5e,358507.47,287180,0.8010432809112736
1515937553,Empire of the Ghouls: A 5th Edition Campaign vs. the Undead,168687,167691,0.9940955734585356
1521954228,"Pax Viking, Pax Renaissance & High Frontier 4 All: Module 3",300929.02,235226,0.7816660553375676
1529689329,Carbon 2185 | A Cyberpunk RPG,184619.13834126,159594.38,0.8644519817062364
1533965752,Cats of Catthulhu 10th Anniversary Edition,75325,49398,0.6557982077663458
1534205096,The Broken Empires RPG™: Sim-Lite d100 Skills-Based TTRPG,523181,460696,0.8805671459781605
1540688098,Spectaculars,107370,92395,0.8605290118282575
1545265670,Exclusive Numenera Boxed Set Edition,286565,277650,0.9688901296389999
1548054552,Shadow of the Demon Lord,140122,83580,0.5964802101026249
1553140183,Legendary Dragons: A 5th Edition Supplement,105116.53,100970,0.9605530167329535
1553292871,"Seeds of Decay - 5e campaign setting, bestiary, & adventure",126291,87194,0.6904213285190552
1560287541,The Angry GM: The Website: The Book,89021.59,67359,0.7566591430236194
1569204663,Historica Arcanum: Era of the Crusades (5E+),387718.98,308238,0.7950036389758376
1570052732,"No Thank You, Evil! a Game of Make-Believe for Families",111750,102000,0.912751677852349
1578559896,Quest Decks: Adventure Cards for your RPG Games,182961.25,182089,0.9952325970663187
1589666710,Stars Without Number: Revised Edition,192036,191665,0.9980680705701014
1590125059,Into the Fey - A Fifth Edition Module for Levels 1-5,95493.1,93765,0.981903404539176
1590366055,Over the Edge: A Roleplaying Game of Weird Urban Danger,134333.5,119105,0.8866366170761575
1595192826,Vaesen - Nordic Horror Roleplaying,284201.4119272688,188092.09000000003,0.6618267260689594
1596179847,Strata: a Spire RPG sourcebook,71674.506673,70848.61,0.9884771209271384
1598899255,Rifts® for Savage Worlds,438076.75,238005,0.5432952102571068
1612941899,Xenolanguage: A Game about First Contact,102409.01,89705,0.8759483174380849
1616274779,Cthulhu Dark,91978.23295455,80009.97,0.8698793989610131
1631893391,IRON KINGDOMS: REQUIEM *5e*,594119,469150,0.789656617613643
1633313249,The Ultimate Customizable Adventure Notebook for TTRPGs！,111810.16436058,53997.79,0.48294169236582896
1639044234,Grimmerspace,188281.36,124685,0.6622269989976703
1648850656,Ginny Di’s Library of Witticisms,95234.531192218,70479.14,0.7400586648318498
1657762617,Altered Carbon: The Role Playing Game,372547,283075,0.7598370138532856
1696265492,Venture Maidens Campaign Guide for 5th Edition,107733,71358,0.6623597226476567
1710069226,Old-School Essentials: Advanced Fantasy,291549.55,283640,0.9728706492601343
1720808564,Moonsoon,501567,430075,0.8574627118610275
1722469645,Black Powder and Brimstone,80991.71073752,71703.75,0.8853220823101187
1725538534,BLADE RUNNER – The Roleplaying Game,1677629.3727124976,1366114.97,0.8143127392859
1728700161,The Laundry Roleplaying Game,231867.05048945,196351.53,0.8468280835311442
1744558615,Rise of the Drow: After the Fall 🕷️ 5E Adventure & Setting,119823,85408,0.7127846907521929
1746964170,Designers & Dragons,115348.27,94549,0.8196828613034248
1747102975,"The Ultimate Guide to Alchemy, Crafting & Enchanting for 5E",215371,148805,0.6909240334121122
1763142897,Dragon-Blooded: What Fire Has Wrought for Exalted 3rd Ed.,331392,245700,0.7414180185399768
1764024780,Mutated Monsters: Evolve your 5th edition campaign,89181,64588,0.7242349827878135
1774834513,Kids on Bikes RPG - Strange Adventures in Small Towns,93471.1,90920,0.9727070720254709
1776485541,The Mimic's Grid: The Adaptable RPG Adventure Tile,99004,95910,0.9687487374247505
1779403263,The Mystery of Witchhaven: A 5e Solo Adventure,98673.24921552,84326.20999999999,0.8546005190912127
1789207776,13th Age Second Edition | Storytelling Action Fantasy Game,371277.57546854,289900.64999999997,0.7808191745331102
1789902757,Doppel: Bringing Your RPG Characters to Life,172973,141099,0.8157284662924271
1796339361,Tome of Beasts 3: Full Throttle 5th Edition Monster Mayhem,767501,618332,0.8056432499762215
1798179155,Absolute Power – Superhero Role-Playing Game (2-Volume Set),119095,79842,0.6704059784205886
1805778307,Lairs & Legends,257070,145775,0.5670634457540747
1806465974,Call of Cthulhu Sverige,102452.29956575,74987.1,0.7319220780581517
1808519165,Trinity Continuum: Adventure! Tabletop Roleplaying Game,104660,57410,0.5485381234473533
1810019813,POLARIS RPG,83273.017331835,71650.16,0.8604246885216249
1810789324,Return of the Lazy Dungeon Master,73720.42,72519,0.9837030228530983
1812072872,Elder Mythos Roleplaying Game,115038.3605574,91543.2,0.795762383577461
1814842499,Traveller RPG: The Journal of the Travellers Aid Society,84757.5230094941,61421.61,0.7246744338330872
1816818657,Ironsworn: Starforged,347983.95,263228,0.7564371862552856
1820674530,Household,458491.5,335790,0.7323799895963174
1825656732,Book of Ebon Tides: 5th Edition enters the Plane of Shadow!,183888,180810,0.9832615505090054
1832103406,Worlds Without Number,223463.72,186115,0.8328645025689181
1834000141,Deadlands: Abominable Northwest & More - Savage Worlds,218474,197530,0.904135045817809
1839684496,Campaign Builder: Castles & Crowns for 5th Edition D&D TOV,259016,172702,0.6667618988788337
1844851436,Symbar - Mother of Darkness,172166.4863542946,75634.43,0.43930983085961856
1845631671,Remarkable Shops & Their Wares,114390.69864849,110545.90000000001,0.9663888874365159
1856852949,Top Secret: New World Order - the espionage roleplaying game,123168,102200,0.8297609768771109
1864612634,Traveller RPG: The Great Rift & Deep Space Exploration,147150.98822968,144738.63,0.9836062383358604
1867241734,Castles & Crusades,83573.49,67851,0.8118722815093637
1873071798,Terry Pratchett's Discworld RPG: Adventures in Ankh-Morpork,3040242.54565934,2785567.16,0.9162318855043494
1873713778,Shadows of Kilforth: A Fantasy Quest Game for 1-4 heroes,211028.7380079654,185686.40000000002,0.8799104887458086
1877094825,Monte Cook’s Diamond Throne RPG,89092.90183492,64285.479999999996,0.7215555748662714
1878723476,The Lazy DM's Companion,388314.69,334719,0.8619787214333817
1878744583,Runeway - A Self Discovery Roleplaying Game,86717.30147117,57835.560000000005,0.6669437242489378
1882083597,The Coins of Wonder - RPG / DnD 5e Enhancing Collector Coins,152226.7896783928,108921.72,0.7155226765940296
1884972597,The Burning Wheel Codex,108362,59895,0.5527306620401986
1897165631,Rifts® for Savage Worlds: Europa,141936,126065,0.888181997520009
1898298480,Delve – a Guide to Dungeons for 5E & Shadowdark RPG,428121,257705,0.6019443101366203
1900185281,Changeling: The Lost 2nd Edition,166290,145270,0.873594323170365
1909023001,Numenera 2: Discovery and Destiny,845258,652330,0.7717525299967584
1909188084,LexOccultum - Role Playing Game,125188.6515696,96701.4,0.7724454156792143
1912882038,Midgard Campaign Setting: Dark Roads & Deep Magic,191428,167584,0.8754414192281171
1915340506,Tainted Grail TTRPG: Life and Death in Avalon,110088,75258,0.683616742969261
1928617515,Battlestations: Dirtside!,167226,123236,0.7369428198964276
1933829714,SLA Industries 2nd Edition: CULT,75464.51930896,65548.33,0.8685979928082224
1933884879,Fabula Ultima TTJRPG Celebration Edition + Bestiary Vol. I,1725105.47343913,1039299.8099999999,0.6024558069067372
1936746567,Deviant: The Renegades - a tabletop roleplaying game,82569,68715,0.832213058169531
1937274380,Bergin's Book of Beasts - DnD 5e,149431.8019168,92664.97,0.6201154560900872
1938241465,Fantasy World Creator: Chronicles,176534.22731364,165408,0.9369741070445644
1944945198,Planegea: The Prehistoric 5th Edition Campaign Setting,275187,174070,0.6325516830373528
1947542270,"THE ONE RING™ Roleplaying Game, Second Edition",2052363.763070064,1417374.21,0.6906057471409436
1949307344,Mutant: Elysium - Roleplaying Humanity's Final Fall,128978.7196381558,92784.39,0.719377508633227
1960197114,Moria™ – Through the Doors of Durin for The One Ring™ RPG,1224097.2035438835,632127.46,0.5164029932998195
1961061349,"Faster, Purple Worm! Everybody Dies, Vol. 1",232336,202365,0.8710014806142827
1963447663,The Red Dragon Inn - Adventure Is Nigh!,202915,168589,0.8308355715447355
1974295126,Hellboy: The Roleplaying Game,473326.4152274315,321810.89,0.6798920990821337
2005157916,Gary Gygax's World Builders Archive,302556,203305,0.6719582490514153
2013036932,Coyote & Crow the Role Playing Game,1073453.11,897515,0.8361007962425111
2018441580,Advanced Kinks and Cantrips,331011,231130,0.6982547407790074
2025582003,Lasers & Liches - New 5E Sourcebooks,102144,100544,0.9843358395989975
2037984393,Old-School Essentials Fantasy RPG Box Sets,772956.49,688120,0.8902441585036694
2050783030,Fractal: Beyond the Void,569684.88947532,349651.33,0.6137626896195703
2053378096,Grimtooth's Ultimate Traps Collection,170509,161079,0.9446950014368743
2064368512,IRON KINGDOMS: BORDERLANDS AND BEYOND,329457.84,279320,0.8478171288927286
2068309724,Invisible Sun – Return to the Actuality,339478,281962,0.8305751771837939
2073570528,Stibbles' Codex of Companions,340087.39,337668,0.9928859755723374
2080474153,Flash Gordon™ RPG for Savage Worlds,109892,94551,0.8603993011320206
2081131739,Menagerie of Magic: A collection of Magic items for DnD 5e,310198.328513555,234616.06999999998,0.7563421476971233
2092989754,Avatar Legends: The Roleplaying Game—Voyage of the Unity,543130,405114,0.7458877248540865
2096042826,Satzija's Tome of Hags - A Witchcraft Compendium,102165.23216835,72159.76,0.7063044684427833
2100634744,DCC Annual (and other forbidden tomes),125613.64,104013,0.8280390569049667
2121801688,Southlands: New Fantasy Options for Pathfinder RPG,97728.98,88497,0.9055348781906861
2129150343,Legacy: Life Among the Ruins 2nd Edition,81014.066748935,57967.479999999996,0.7155236408467549
2133896200,Fighting Fantasy - Solo Adventure Gamebooks - Back In Print!,319101,196049,0.6143791464144581
2142545068,The Streets of Port Noir: A 5e Solo Adventure Investigation,74979.88934808,55396,0.7388114397293187
2147160025,Player's Guide 2: New Power for 5E and TOV Players,248090,174083,0.7016929340158813
