id,name,n_tiers,entry_price,top_price,median_price,tier_rev,tier_backers,top_tier_rev_share,hhi_rev,whale_rev_share,money_max_price
1069659,"Alas for the Awful Sea: Myth, Mystery & Crime in 1800s UK",6,10.61,265.17,61.75,17443.39,755,0.030403493816282275,0.3100393258297292,0.030403493816282275,20.46
1686361,Cat's Cradle: A Fantasy Town for 5e and Other RPG Systems,6,24,135,56,30333,629,0.05785777865690832,0.47223943003309105,0,60
10791117,Tachyon Squadron (Fate Core RPG),5,1,50,25,17848,1011,0.016808606006275213,0.42989748985456355,0,25
17763060,Space: 1889 - the Mars sourcebook,10,1.17,308.79,84.47999999999999,29135.15,557,0.07418976734288309,0.21166592688993785,0.29015982412995983,40.78
19327102,Trudvang: Seed of Vanirs,12,21.04,204.38,72.13,89382.07,1202,0.12347577092363154,0.12436325148903817,0,54.1
22332279,World of Revilo Campaign Setting & Bestiary for 5E DND.,11,12,400,50,31881,590,0.025093315768012294,0.22909682635681194,0.025093315768012294,175
22451171,"Faerie Fire, a 5e supplemental",30,15,1000,250,36565,1145,0,0.4183863494760066,0.03008341309995898,30
31978058,The Thundercats Roleplaying Game is Here!,11,40,350,180,211095,2036,0.0232122977806201,0.14800820153245758,0.2168691821217935,280
40736229,Age of Antiquity: An Ancient World Setting for 5E.,4,25,250,60,110005,2063,0.04545247943275306,0.3877142793057774,0.04545247943275306,75
53568325,Wicked Ones,3,19.87,46.22,39.75,38368,1124,0.1204649708090075,0.5349572683963814,0,39.75
59430470,Sandy Petersen's Cthulhu Mythos for 5e,8,19,1700,87.5,222498,4250,0,0.3372156770226726,0,49
60275424,Trilemma Adventures: The Servants of Memory,8,8.95,58.92,22.375,12588.28,402,0.5991096480218108,0.39955335421414445,0,58.92
63683551,The Wildsea RPG,11,12,500,88,85905,1705,0.005820382981200163,0.23336140891494794,0.03492229788720098,49
65171718,Arium RPG,3,8,200,20,12368,763,0.04851228978007762,0.6240893747416443,0,20
69845919,Hundreds of New Monsters for Shadowdark RPG!,8,59,349,174,198806,1314,0.03335412412100239,0.3332899566281246,0.0995291892598815,149
69850494,The Hero's Journey 2e,8,15,65,30,22125,765,0.11457627118644068,0.2844320342174982,0,40
75749337,Kamigakari: God Hunters - Modern Action Anime Roleplaying,13,1,200,55,69297,1525,0.020202894786210082,0.17622078130613078,0,65
77475146,Wandering Monster Decks for 5E and Pathfinder! Only $12!,11,1,360,80,33146,710,0.05430519519700718,0.1892405092763247,0.07059675375610934,42
79428668,The Dark Moon Rises,7,29.7,322.79,96.84,192170.48,1313,0.30402687238955745,0.29969090175957724,0.30402687238955745,161.4
83121044,ACUTE PARANOIA: A box full of treason and summary executions,11,1.34,334.19,106.94,88289.98,849,0.04542168884849674,0.3071681717661419,0.2392194448339438,106.94
83585739,Never Going Home: World War Occult Role Playing,5,10,250,45,31810,764,0.15718327569946558,0.2833553930169909,0.15718327569946558,65
88939782,Lairs & Legends 3: The Definitive 5e Game Master Collection,14,80,525,145,125860,816,0.004171301446051168,0.28466953967225117,0.1668520578420467,160
91199422,The Chronicles of Future Earth Roleplaying Game,12,1.32,263.09,72.35,29285.37,410,0.01796733317694125,0.2660962289759009,0.01796733317694125,105.24
91289943,Your Best Game Ever!,11,20,400,100,492945,4912,0.022720587489476515,0.3064538026805155,0.603312742800921,260
100173367,"Deluxe RPG ""Handbrain"" Screen",5,1,25,10,21512,1026,0.4892618073633321,0.4565136770247393,0,25
100177985,Heart: The City Beneath RPG,13,1.25,748.25,62.35,90545.15,1840,0.024791499047712662,0.1782572805588723,0.13773018212460855,81.06
101591223,Capharnaum - The Roleplaying Game,9,1.32,658.52,46.1,30434.07,466,0.04327518468611,0.2355861902450001,0.04327518468611,65.85
102655111,Heroic Challenges - Roleplaying Cards for Players and GMs,14,2.16,216.3,40.555,46886.79,1012,0.004613239677956201,0.1422496522217671,0,102.74
103372532,Advanced Player's Guide 2 and Bestiary 2,5,40,475,70,134355,1552,0.07424360835101038,0.36493157963971673,0.07424360835101038,125
104652025,For Coin & Blood: Second Edition,2,10,25,17.5,14860,739,0.8378196500672948,0.728244231943179,0,25
106972727,Seeds of Wars: RPG Realm Management,9,1.14,495.26,53.63,32658.980000000003,652,0.09098753237241333,0.267193037100295,0.09098753237241333,53.63
110885957,Total Party Kill Bestiary: 5E Monsters for Veteran Heroes,8,1,500,55,17252,501,0,0.41828055271998354,0,38
116574740,Izirion's Enchiridion of the West Marches,7,1,800,70,23275,568,0,0.2563495588749379,0.01288936627282492,45
117957031,Traveller RPG: Element Class Cruisers Box Set,7,1.4,455.36,210.17,54488.43,559,0.18385407691137368,0.2853067531646018,0.29699662845855535,70.06
120834240,Rōnin: Densetsu,21,1.31,983.03,45.87,105926.75,880,0,0.10601697567950497,0.09960751179470717,85.2
124987664,Shadows of Esteren RPG: Dark Romanticism,16,20,1000,205,98980,828,0.02020610224287735,0.11578962152692564,0.26954940391998383,200
138222945,Thirsty Sword Lesbians,9,10,69,30,182057,5920,0.18192104670515277,0.2013786805294361,0,30
140744503,Rise of the Demigods,19,10,5000,100,39600,675,0,0.18772586980920314,0.03787878787878788,55
141214470,The Smurfs: Roleplaying Game,9,29,999,129,124951,1009,0.06396107274051428,0.21860849678122043,0.3739946058855071,349
142056623,Widdershins: the Roleplaying Game - FUNDED IN FOUR HOURS!,18,1,1000,175,38357,515,0.05214172119821675,0.12183076827260532,0.19031728237349116,50
144514647,Adventure Kit: Shadows Over Driftchapel - 5E Compatible,5,1,75,25,23016,946,0.009775808133472367,0.36336255225090724,0,25
147730904,A Christmas Carol Adventure,7,7,450,45,18260,488,0.04928806133625411,0.23258137598687093,0.04928806133625411,30
147748820,Heroes of Might and Magic TTRPG,8,20.4,237.97,90.66,186623.73,1931,0.4820001186344309,0.2896706848277526,0,237.97
157189593,Tales from the Gods,5,9.78,88.04,41.57,19088.48,575,0.07840750023050552,0.5635565135933435,0,41.57
162898685,Ultimate Kingdoms for DnD 5E or PFRPG,13,1,400,60,59459,1139,0.020181974133436486,0.22093593391095168,0.033636623555727475,60
164422068,Tales from the Loop - Roleplaying in the '80s That Never Was,6,1.08,271.16,62.364999999999995,254885.3,5593,0.053192553670219515,0.40178829542340044,0.053192553670219515,37.96
169124555,Fear Agent™ for Savage Worlds,8,25,150,57.5,27500,509,0.3,0.1918738512396694,0,150
178404838,The Combat Compendium - A Dungeon Master's tool,8,3.34,105.67,105.67,22621.38,235,0.07006866955066401,0.17523515278454327,0,105.67
180344357,5th Edition Players Guide to Aihrde,10,10,225,77.5,24845,466,0.08150533306500302,0.18103697948411163,0,120
185636955,Epic Legacy Core Rulebook - 5th Edition Beyond 20th Level,10,1,450,82.5,23228,535,0.07749268124677114,0.23630151199322422,0.07749268124677114,40
186851036,Fate of Cthulhu,7,10,127,62,67749,2123,0.02062023055690859,0.3350856914859244,0,35
188981187,Wickedness,10,5,140,70,18254,637,0.030678207516160842,0.252260017267986,0,22
194038714,A Strange Box,7,20,5000,250,157180,969,0.03181066293421555,0.3330618585966124,0.22458328031556177,160
195169980,Quest: Fantastic Characters and Wondrous Treasures,12,25,300,60,37270,294,0.008049369466058493,0.3502335656187032,0.3501475717735444,150
207235984,Part-Time Gods Second Edition -- Tabletop RPG,8,5,1000,140,28885,751,0,0.4584965917353737,0.11424614851999308,50
207976437,"Eldamon! Befriend, Train, Battle, & Evolve in DnD 5E & PF2e",9,39,399,129,145854,1086,0.11489571763544366,0.1667620786374556,0.20596624021281557,159
209915152,Legendlore RPG Setting for 5th Edition Fantasy Roleplaying,10,5,300,97.5,20325,482,0.04428044280442804,0.3724776804963622,0.08118081180811808,50
212538961,SIN: A Spire RPG Sourcebook,10,1.38,551.15,68.895,71636.76,1204,0.03846837852521527,0.2618639577166746,0.1077127162088291,55.12
213977892,Roleplaying Spell Effects 2.0 - Cheaper and Pre-Cut,3,5,30,30,34395,1189,0.9280418665503707,0.8654826336777645,0,30
215582290,Beyond the Woods: Open World Exploration and Survival for 5e,6,41.16,259.96,108.315,166818.28,1594,0.22907633384063184,0.21317979363894402,0.22907633384063184,113.73
218957478,Spheres of Might: A New Pathfinder Martial System,14,1,10000,55,23184,510,0,0.10238468002372832,0,20
220682271,Mutant Chronicles 3rd Ed. RPG,23,8.25,2474.85,164.99,149992.85,875,0.04949935946946804,0.10798813399412863,0.5842574496050978,659.96
221664601,Adventures in Teaching and Learning with TTRPGs:,11,27,999,59,64185,1015,0.12451507361533068,0.1574272358660994,0.1804159850432344,89
223582974,Good Society: A Jane Austen Roleplaying Game,13,4.8,275.88,63.97,96815.98,2360,0.002849529592118987,0.40856077570075794,0.002849529592118987,63.97
226200089,Aizendore's Vault of Tragic Treasure - Magic Items for 5e,9,22.12,1106,131.34,86211.79000000001,1083,0.03848661534576651,0.2225825685412605,0.18217079125720506,107.84
226626560,Odd Jobs,9,1.37,411.83,61.77,39901.42,723,0.05160593282143844,0.2020236767152774,0.05160593282143844,46.67
227616328,Soldier Lune – A Magical Girl Tabletop Role-Playing Game,5,20,100,60,51230,1181,0.27327737653718526,0.3520470789074803,0,40
228757397,Battlezoo Ancestries: Living Legends for Pathfinder and 5E,14,1,399,139,81237,1117,0.02455777539790982,0.16842504792614033,0.09816955328237133,60
231163492,Robert E. Howard's Conan Roleplaying Game,23,1.45,1887.72,130.69,583281.34,4327,0.025891039133876633,0.1207004612913038,0.5274553271325292,435.63
233425101,The Folio: Storyteller's Arcana 1E & 5E gaming supplement,7,25,750,75,18175,303,0,0.31227039575879467,0,50
237602901,Demon City: The Ultimate Horror RPG,7,1,2000,60,67030,1302,0.08951215873489482,0.624705251204151,0.08951215873489482,60
238691247,Nordlond Bestiary and Enemies Book,13,1,450,80,40031,571,0,0.1720354548412011,0.06994579201119133,65
240140839,World of Darkness Dark Eras Prestige Edition,28,1,1000,75,107044,2026,0.009341952841822054,0.20672449540856055,0.12765778558349838,50
242036174,"The Veil: Inheritance, a biopunk tabletop roleplaying game",7,7.53,89.6,30.12,20400.11,638,0.3294099884755523,0.24262892721486648,0,89.6
249641940,TROIKA! RPG: Numinous Edition,7,7.66,275.83,45.97,19830.01,637,0.06954862856851812,0.2218634567032863,0.06954862856851812,22.99
252078043,World Wide Wrestling: Second Edition,11,7,350,90,44468,1429,0.007870828460915715,0.3136172942355125,0.01574165692183143,38
257145215,Spheres of Might and Power; 5th edition D&D Supplements,13,2,165,49,36790,671,0.04484914378907312,0.3053098442775312,0,95
259723232,Project Infinite Hole: An R&D Sourcebox for the Paranoia RPG,9,1.26,370.32,125.53,87137.75,834,0.2039914962229344,0.29751108583417035,0.21479611305088783,125.53
260164916,Rise of the Ice Dragons Trilogy: Three RPG Adventures for 5e,6,1.24,229.14,18.58,35625.31,1515,0.2701416492937184,0.32466727401440226,0,24.77
263400061,The Ruinous Palace of the Metegorgos,4,6.59,156.85,27.02,12665.28,564,0.28483776118648774,0.42347966926638886,0,15.82
272459382,Apothecaria - A Solo Journalling RPG [Zinequest 3],8,1.37,1373.65,26.785,22946.62,1172,0,0.33524887061418474,0,16.48
284330172,Total Party Kill Handbook Volume 2: 5th Edition Encounters,7,1,88,38,23717,568,0.044525024244213014,0.32117707221960795,0,73
284826702,Inferno - Dante's Guide to Hell for 5e,4,5.95,148.69,67.805,360539.99,3003,0.8561614482765144,0.7443050487746533,0,148.69
285318672,The Star on the Shore - A Call of Cthulhu RPG Module,14,1,1499,66,29005,919,0,0.26742424409465687,0,25
286047018,Monsters of the Wilderness for 5th Edition,10,0.78,352.3,48.93,25762.46,628,0.08204961793244901,0.16862444038146848,0.08204961793244901,35.23
287394440,Alchemy & Poisoncraft: A module & an adventure for 5e,18,7.08,332.77,42.485,35335.28,683,0.05650500010188118,0.1621830753502598,0.08928640157938468,70.8
287614458,A Dead Man's Guide to Dragongrin: 5E Campaign Setting Guide,6,1,199,65,50322,973,0.003954532808711895,0.2943138513397985,0,55
288262956,ZAMANORA: Ballad of the Witch,7,41.67,625.06,98.97,196467.44999999998,2079,0.07317436043476923,0.23848472545009433,0.1983126467005094,98.97
289026681,Golden Sky Stories: Twilight Tales,14,1,600,31,19894,828,0.06031969438021514,0.12399355874361724,0.06031969438021514,16
291139367,Hudson & Brand: Shadows of the Past,10,1.29,257.36,61.12,27555.79,699,0.009339597957452862,0.23014540409466308,0.009339597957452862,70.77
294405663,Nights of Payne Town: a new story arc for City of Mist RPG!,13,1,995,42,136452,1736,0.03645970744291033,0.18754308118647015,0.03645970744291033,159
296599506,Trinity Continuum: Aberrant,14,5,475,140,82825,1493,0.017204950196196802,0.24376854927341723,0.04829459704195593,55
306530231,Remarkable Inns & Their Drinks - The Ultimate GM's Guide,10,5.42,542.21,37.955,21189.37,790,0.02558877399375253,0.16910286450442116,0.12794575770775632,27.11
310423733,Dungeon Notes,9,24,300,50,67762,1080,0.1151087630235235,0.16105590194281474,0.1151087630235235,160
325317511,Sly Flourish's Fantastic Adventures for 5e,4,15,35,22.5,28760,1164,0.41863699582753827,0.31331763904820675,0,35
326699241,Legendary Adventures: Epic D&D 5E,3,12,90,30,14214,616,0.03799071338117349,0.6036036742352902,0,30
327202988,The Deluge: Northern War 1655-1660,17,1.71,5140.96,342.73,62527.950000000004,307,0.08221859184572658,0.15742038740914918,0.5451066283158171,205.64
328875743,Overlight RPG: A roleplaying game of kaleidoscopic fantasy,9,1,500,50,40302,945,0.012406332191950772,0.46914272996900297,0.033248970274428066,50
329454592,"Greg Stolze's Reign, Second Edition",16,1,170,67.5,83298,1515,0.05510336382626233,0.11363030472640634,0,75
336368382,TRINITY CONTINUUM: AEON RPG,21,5,800,90,170960,1941,0,0.13468802765697147,0.05191272812353767,90
337693015,The Savage World of Solomon Kane RPG,3,31.28,139.16,63.65,121530.71999999999,1233,0.7225330352687781,0.5814315051203662,0,139.16
341537092,WarQuest 5th player expansion - The Experienced units arrive,10,1,299,197,11851,290,0.6307484600455657,0.41815702085099465,0.7568981520546789,299
341742943,I Guess This Is It,5,1,72,10,17664,1395,0.057065217391304345,0.41966929893437566,0,10
345226938,Adventure Omnibus,2,9,99,54,24291,299,0.9781400518710633,0.9572358184065264,0,99
349116542,Earthdawn 4th Edition - The Adept's Journey: Mystic Paths,13,1,300,85,37936,480,0.34004639392661323,0.17918064177123724,0.39803880219316745,300
349472500,Earthdawn 4th Edition,27,1,1200,50,50507,676,0,0.1698028820868634,0.007721701942305027,100
352288129,Amazing Adventures 5E RPG,7,5,199,75,34866,602,0.051368094992256065,0.33586575179296224,0,99
355494288,Pocket Companion: A guide to Cities and Towns,10,1.26,69.55,22.13,24427.69,928,0.25909326669857036,0.19517471621518032,0,25.29
357437209,Numenera Discovery & Destiny Edizione Italiana,5,62.4,397.09,317.68,19151.46,88,0.2695444629286749,0.26859954585673906,0.6321037665013529,136.15
360289914,Outbreak: Undead 2E - The Survival Horror Simulation RPG.,13,35,500,140,57815,558,0.008648274669203494,0.1695649481052287,0.12107584536884891,180
362001069,Feng Shui 2: Action Movie Roleplaying Game by Robin D. Laws,21,1,650,95,113859,2321,0.022835261156342494,0.11649395758171487,0.13262017056183525,50
362016602,The Fartherall Companion: Deluxe Edition,4,1,100,35,35819,537,0.8319606912532455,0.706245817261834,0,100
365943468,Fallen London: The Roleplaying Game,6,29,300,124,686192,5397,0.008306712989950334,0.295188207549143,0.4209506960151095,299
366725711,Magwa's Magic Item Compendium: Hardcover,4,20,80,45,25380,661,0.21434200157604413,0.2565145330767449,0,40
366886401,Odyssey of the Dragonlords: Remastered Edition,7,1,270,140,247458,1723,0.27386465582038166,0.22267047885668328,0.27386465582038166,270
371040605,Invisible Sun,10,197,9999,701,607141,1602,0.016468991552209454,0.26491677337277164,0.6982414299149621,539
376596708,Trudvang Adventures - for 5E,4,25.5,127.51,63.75,124086.41,1935,0.35040831626928365,0.3410889908264865,0,51
386095974,Blue Rose: The AGE Roleplaying Game of Romantic Fantasy,14,1,600,60,78227,1506,0.00766998606619198,0.25508155929071796,0.00766998606619198,40
386406153,Bestiary Vol #3 - 3D Printable Models,11,24.22,171.73,74.86,25876.19,377,0.37828637059783526,0.2952974028156855,0,39.63
386764160,"Bucket of Bolts, a solo RPG zine",7,6.87,43.94,20.6,60350.64,2872,0.4324785950902923,0.2744340383808603,0,43.94
387599105,i'm sorry did you say street magic,6,10,30,20,18570,1123,0.15347334410339256,0.2963588848203932,0,20
391020392,Adventure Builder,4,5,109,27,22822,466,0.4394005783892735,0.45970900167429113,0,39
393972563,Tome of Alchemy: Magic Item and Potion Creation for 5e,17,5,275,55,67717,1126,0.06091527976726671,0.21714951475702443,0.06091527976726671,75
395502599,Wearing the Cape: The Roleplaying Game,7,1,230,75,35929,610,0.032007570486236744,0.19616678605985297,0,59
400116732,The Wild Hunt for Call of Cthulhu,7,1.41,113.11,49.48,16489.02,541,0.01371943268914708,0.2711410686793373,0,28.28
400954173,The BOLT RPG Engine,7,1,275,60,19497,719,0.02820946812330102,0.541556992226371,0.02820946812330102,35
402584422,Bedlam Hall - A Macabre Victorian Role-Playing Game,9,5,350,75,20175,625,0.06939281288723669,0.2577564648851668,0.08178438661710037,40
403963521,The 7th Edition Guide to Cthulhu Invictus,14,1,500,40,30774,594,0.03249496328069149,0.1685815401348867,0.03249496328069149,100
407828944,Mothership Sci-Fi Horror RPG 1st Edition Boxed Set,4,29,199,79,1290202,14108,0.246474583049786,0.3708194319067072,0,99
412970632,Cults of the Blood Gods for Vampire: The Masquerade 5th Ed.,14,5,800,350,103355,2022,0.030961250060471193,0.4689716538599813,0.11416960959798751,55
418937843,Pathfinder for Savage Worlds,8,1,300,62.5,324949,2167,0.6351765969429048,0.44190143511657726,0.6351765969429048,300
420721531,MAIN GAUCHE chaos supplement for ZWEIHÄNDER Grim & Perilous,8,1,350,47.5,49156,1049,0.028480755146879325,0.29292384326924203,0.0475221743022215,50
427331348,Psionics Guide for Starfinder RPG from Dreamscarred Press,9,10,500,250,27585,736,0.0181257930034439,0.3152681896209613,0.045314482508609755,50
428084629,Twisting Catacombs . Litchmyre Dungeon,12,1.33,252.2,82.3,81468.58,1014,0.19502733446440332,0.2285631934316684,0.19502733446440332,204.42
431864924,Dungeon Crawl Classics Scratch-Off Character Sheets,14,1,200,55,20791,593,0.0865759222740609,0.127728671108637,0,20
433436093,"Damn the Man, Save the Music!",6,10,500,57.5,16600,596,0.060240963855421686,0.2284745608941791,0.060240963855421686,25
436308838,Gods and Goddesses: a 5th Edition Supplement,11,5,700,65,26325,715,0.05318138651471985,0.22491379489163596,0.05318138651471985,35
437414465,Cthulhu Britannica: London -  Call of Cthulhu RPG boxed set,11,40.04,4804.51,185.77,95211.04,617,0,0.14483933469193544,0.10597090421446925,185.77
442539871,BESM Extras – Fourth Edition RPG Expansions,12,1,1000,37.5,39340,464,0.05083884087442806,0.28467000112946483,0.18810371123538383,160
445774756,Creatures: Complete Monster Compendium 2 for 5E,9,10,290,80,345325,4041,0.25949467892564976,0.18264539217714534,0.25949467892564976,290
447196929,Drinking Quest: Old Habits,5,20.38,94.35,40.76,28613.1,804,0.27698501735219183,0.2408915196658642,0,20.38
451993777,The Pioneer RPG: Explore the Solar System,6,1.33,185.54,96.08500000000001,84073.64,561,0.7701993157427227,0.6092183435670837,0,185.54
452512093,"The Idol of Cthulhu, a scenario & props for Call of Cthulhu",7,1.19,442.74,53.41,19367.690000000002,216,0.3428958228885324,0.28596273962435603,0.3428958228885324,442.74
452642056,Caster Compendium,14,7.08,1487.76,81.47,53367.85,631,0,0.19198274703505716,0.1438131759102156,81.47
453807431,THE PHYLACTERY 4 and THE PHYLACTERY OMNIBUS,7,1,90,25,18118,443,0.019869742797218235,0.39476245804249893,0,55
454195859,Primeval Thule,26,1,2500,85,68305,815,0.036600541688016984,0.0904116649208379,0.16470243759607642,125
458610231,Numenera: A new roleplaying game from Monte Cook,33,1,10000,240,394805,4645,0,0.1175269768872051,0.1836349590304074,60
459004279,GODS - The dark fantasy RPG,10,1.13,453.61,107.73,69569.3,755,0.013040522184354305,0.21991421858024876,0.07938429738404727,113.4
459283824,The Goon™ for Savage Worlds,8,25,150,57.5,28350,471,0.3968253968253968,0.22909144636363918,0,150
468387422,Secrets of Magic: Lore & Magic Toolbox for 5E and Fateforge,9,10,400,80,99360,1160,0.11674718196457327,0.23690674260516906,0.1821658615136876,110
471004282,The Real Thing RPG,8,10,300,30,35525,870,0.059113300492610835,0.23189158698738782,0.059113300492610835,75
471896355,Old Gods of Appalachia Roleplaying Game,6,25,265,155,1376990,10965,0.46861269871240896,0.2994046144134394,0.46861269871240896,265
472688951,Middarmark,11,10,100,50,32494,876,0.006154982458299994,0.1933847508553681,0,38
481456403,DCC RPG: Fred Saberhagen's Empire of the East,4,1,30,10,30112,1100,0.9484590860786397,0.90147899665549,0,30
489324336,RPG - Castles & Crusades Monsters & Treasures,6,19,200,100,24549,350,0.25255611226526536,0.2842203839151652,0,75
492747462,Ruin Masters,5,18.97,108.38,48.77,47116.880000000005,958,0.2369244313290693,0.25849753844864654,0,48.77
493433619,An Inner Darkness - For 7th Edition Call of Cthulhu,9,1,500,50,18315,449,0.0546000546000546,0.19267357596595924,0.0546000546000546,50
502160252,7th Sea: Khitai,16,20,2000,205,156555,1926,0,0.1408494187421271,0.37002970202165375,60
505885200,Mutant: Mechatron - Rise of the Robots Roleplaying,6,1.12,336.96,53.35,106225.2,1643,0.07613108753855016,0.4406293571662471,0.07613108753855016,67.39
515294080,"Eclipse Phase, Second Edition RPG",13,1,1000,75,182185,2523,0.03842248264127124,0.25305641212871477,0.07341438647528611,100
515360362,Nightmare Over Ragged Hollow,3,13.48,44.95,24.72,54432.75,2274,0.04707000840486656,0.7954606798387498,0,24.72
518211075,John Carter of Mars - The Roleplaying Game,15,1.36,1084.75,135.59,182940.13,1532,0.04150674868329874,0.16175914802262206,0.3928332181681515,135.59
518795559,How to Write Adventure Modules That Don't Suck,8,1,75,19.5,106684,3240,0.014763225975778936,0.5468338929629234,0,45
518899010,Sunken Isles | 5e Adventure Campaign & Rules Supplement,5,25,250,85,355480,4300,0.32350624507707887,0.2692269484315462,0.32350624507707887,250
522276836,THE SECRET WORLD PRINT EDITION FOR SAVAGE WORLDS,6,5,220,65,66925,633,0.5423982069480762,0.3609764106559997,0,220
523178634,Wolves of God: Adventures in Dark Ages England,6,20,120,70,40340,808,0.053544868616757564,0.24239010552101878,0,80
527058881,The Citadel at Norðvorn,10,1,625,95,22092,589,0.056581567988412095,0.30195088247002505,0.07921419518377694,35
544383539,The Children of Eriu,11,0.75,2063.46,48.86,22433.12,337,0,0.339949516535066,0.08765967462394889,105.24
544551332,Ultimate Bestiary: The Dreaded Accursed for 5th Edition!,11,1,480,70,167694,4190,0.00858706930480518,0.22414628089055005,0.04699035147351724,50
549300341,7th Sea 3rd Edition,10,11.52,806.19,120.925,353109.79000000004,2325,0.022831142687944166,0.2118319714201553,0.38761021041076205,276.41
555279400,Surviving Strangehollow: Hand-painted 5E by a Legendary Team,9,30,260,120,77530,974,0.17438410937701534,0.23701863060161246,0.17438410937701534,65
557160512,Into the Odd Remastered,2,19.19,38.39,28.79,115495.13,3127,0.9606214565064345,0.9243442523882182,0,38.39
558229560,The Morra Cinematic Game System,14,1,500,200,13662,235,0.0365978626848192,0.18520275815980183,0.15371102327624067,35
558887718,Quests of Doom 4,21,6,1900,137,28544,288,0.06656390134529148,0.19439635284177745,0.1812289798206278,168
559049448,Manifest the RPG,8,1,200,77.5,18890,405,0.05293806246691371,0.30133569821773326,0,50
561091099,Acheron: A Grimpunk tabletop RPG,10,25,2499,319,30095,324,0.16607409868748962,0.2053517254065123,0.3253032065127098,105
565452076,Shinobigami - Modern Ninja Battle Tabletop RPG from Japan,10,5,110,41.5,75713,1506,0.12639837280255703,0.21399252119017,0,59
568075327,"CAVALIERS OF MARS, a tabletop roleplaying game.",17,5,750,85,27795,674,0.053966540744738264,0.16890213442732965,0.1025364274150027,50
568259137,Visigoths vs Mall Goths (game & weird 90s mall setting),11,6,666,45,14915,560,0.04465303385853168,0.14162128022589512,0.06476701307408649,25
573580999,Agon,4,10,75,20,52240,2550,0.014356814701378255,0.530336466133454,0,25
584013973,Bitter Chalice: a map-based Soulslike TTRPG,9,16.43,302.29,86.53,69694.89,689,0.004337333770094192,0.4156625188826482,0.004337333770094192,125.95
591415993,"Judges Guild Deluxe: Dark Tower, Caverns of Thracia, & More",5,1,450,150,63488,462,0.0850554435483871,0.44950063072307794,0.0850554435483871,150
591563271,Seekers Beyond The Shroud,8,1,90,25,14713,469,0.11010670835315707,0.2172907203690278,0,50
601005746,The Devil's Bridge: A 5th Edition Slavic Adventure,7,1.34,132.22,38.73,26647.469999999998,1013,0.10419825972221754,0.27525728581950176,0,25.38
604514297,Dungeons of Drakkenheim: Daggerheart,5,30,295,70,425200,3988,0.3801975540921919,0.27206970169093136,0.3801975540921919,295
607364375,Realm Fables: TTRPG World Generator & Preformed Settings,7,10.35,129.38,15.53,16579.13,771,0.04682272230207495,0.45516048249151503,0,25.88
610638383,The Gaia Complex: A Game of Flesh and Wires - Hardware 2119,7,1.35,470.84,60.54,14333.5,291,0.09854676108417344,0.19555341039408586,0.09854676108417344,73.99
619718556,TPK Bestiary - Vol. 2 for 5th Edition,7,17,400,60,57076,924,0.08409839512229308,0.18695445268483224,0.08409839512229308,90
624204713,Mercenaries Spies & Private Eyes RPG by Michael Stackpole,10,1,62,28.5,24619,883,0.3399813152443235,0.22352297744215122,0,62
624583950,"Monsters! Monsters rpg &""Toughest Dungeon in the World"" solo",11,2,127,17,33310,1057,0.35076553587511256,0.28893244965261333,0,29
624930796,"Lankhmar Savage Seas of Nehwon, a Fantasy RPG",6,1,125,55,25006,522,0.24994001439654484,0.25969746785685455,0,99
625447476,Monster Hunter International RPG: Savage Worlds Edition,6,12,500,52.5,102223,2038,0.024456335658315644,0.3078679364542686,0.024456335658315644,75
626308581,In Other Waters: Tidebreak,4,5,45,15,49520,1639,0.7587843295638126,0.6092502360300239,0,45
626598507,Monarchies of Mau Fantasy Tabletop RPG,21,5,1000,115,84370,1441,0.011852554225435581,0.13782439307919286,0.12356287780016594,45
626657280,Forest Kingdom Campaign Compendium for Pathfinder and 5E,9,30,450,100,33850,570,0.026587887740029542,0.23584865893277537,0.12998522895125553,50
628435005,Swordfish Islands: Hexcrawl Adventures on Hot Springs Island,7,15,125,50,23095,299,0.28685862740852996,0.38363999221754175,0,100
630633095,The Monster Hunters' Club RPG for Savage Worlds,16,2,1000,92.5,19169,580,0,0.20999483791780085,0.03912567165736345,30
630656171,Monsters of Drakkenheim - 5E Monsters with Lore Lairs & Loot,7,30,475,95,637630,5066,0.41344510139108887,0.24324764479382446,0.41344510139108887,475
631899736,World of Aetaltis - RPG Campaign Setting for 5E,5,10,500,75,35565,467,0.07029382820188387,0.31272974089475536,0.07029382820188387,150
637189433,Fall of Magic – a role playing game of profound fantasy,6,15,375,97.5,60960,971,0.030757874015748032,0.704573701248097,0.047818241469816274,65
644146134,Children of the Beast,7,1,5000,99,21720,345,0.2302025782688766,0.22701963971388744,0.34042357274401475,49
646409113,Spectacular Settlements for 5th Edition!,14,1,400,300,100989,2660,0.011882482250542139,0.3928707334802896,0.046787273861509666,50
646523073,Shadowdark RPG: The Western Reaches Setting,9,45,349,149,1981599,11085,0.19778320437182295,0.16540481370962276,0.4456608022107399,269
647709891,Iskløft - Grim Viking 5E Campaign Setting,4,1.21,42.44,24.25,17668.05,575,0.5572816468144476,0.4089798238342259,0,42.44
647740666,Tome of Beasts: 400+ New Monsters for 5th Edition,18,12,1750,73,175117,2264,0,0.29880793605344574,0.015418263218305476,90
649486549,Grim Hollow: Transformed,7,30,395,130,837575,5500,0.3636032594096051,0.23320271080089516,0.4076291675372355,395
654737500,"Aquilae: Bestiary of the Realm (Dark Obelisk, Pathfinder/5E)",15,1,300,60,21608,293,0.013883746760459089,0.30456990558161223,0.013883746760459089,120
658806019,Blood Drive: A Deadlands Booster Campaign,4,25,60,32.5,63690,1439,0.7027790861987753,0.5250320597041314,0,60
666763798,Adventures & Academia: First Class,1,39.99,39.99,39.99,92376.90000000001,2310,1,1,0,39.99
667580300,Ordinary Towns: Small Settlements for Any Campaign,4,20,200,70,39600,1311,0.010101010101010102,0.46681154984185297,0,40
669664143,The Cthulhu Alphabet,7,1,175,35,27039,926,0.04530492991604719,0.32706040921715535,0,25
670172781,Zairoo: The Pan-African Fantasy Role Playing Game,6,20,300,65,62050,1377,0.09186140209508462,0.2894477628124755,0.09186140209508462,100
673462679,Mysthea: Legends From the Borderlands,9,1.3,324.33,90.81,40413.19,879,0.032101400557590226,0.2255772555683097,0.06259763210971467,45.41
674821442,Odyssey of the Dragonlords: 5th Edition Adventure Book,8,2,80,52,298502,5487,0.3540344788309626,0.23339763525937796,0,80
678920480,The City of Great Lunden,3,15.91,112.68,59.66,15898.150000000001,255,0.3898189411975607,0.4672046304857546,0,59.66
680310506,Apocalypse World 2nd Edition,11,1,280,50,119298,4327,0.011735318278596456,0.2416215777316834,0.011735318278596456,28
684858889,"The Book of Dungeon Encounters, for use with Fantasy RPGs",15,1,73,28,14414,1442,0.0759678090745109,0.12059909725387817,0,18
694646968,Tabletop RPG Adventure Boxes for Immersive Gameplay,14,5.29,2499.01,703.365,39121.59,327,0.06387802745236072,0.24423170676336836,0.4288854312925421,100.53
694793420,City of Brass: Epic Adventure for 5e and Swords and Wizardry,9,5,1750,225,67375,759,0,0.44293837898120964,0.1510204081632653,95
698007977,Beam Saber - #RecognizeKSRU,11,0.75,164.25,41.06,52964.94,1766,0.003101108015981893,0.38175224883839604,0,41.06
700637793,Things from the Flood - Sequel to Tales from the Loop RPG,6,1.11,221.15,52.525,364973.51999999996,5806,0.03029671851261977,0.4534913126338899,0,66.35
701261991,Velvet Generation,12,3,600,70,16620,410,0.036101083032490974,0.21368622757439243,0.11883273164861613,35
706682640,Desolation of Time: A Grim Adventure and Grimoire for 5E+,7,3,229,54,50517,709,0.17225884355761426,0.2896994182436011,0,89
712085343,On Downtime and Demesnes,7,1,400,20,22662,1192,0.017650692789691995,0.28052249477674007,0.017650692789691995,20
713357973,The Dark Eye - Magic of Aventuria,6,1.12,176.08,112.155,40970.409999999996,404,0.19339811341892846,0.351710195154546,0,99.82
713900276,Empyrean Investigations: Detective Adventures for D&D 5E,9,10,80,40,14635,574,0.038264434574649814,0.29573266066938714,0,25
716072316,Barrowmaze: HighFell - The Drifting Dungeon,8,0.78,4662.81,136,20669.670000000002,305,0,0.39726916577210775,0,62.17
718450083,Fantasy World Creator + APP: Modular tiles for TABLETOP RPG,5,28.25,112.99,67.79,87787.26999999999,952,0.8314592764987452,0.7022467893465832,0,112.99
727221028,Monsters & More! A Nimble TTRPG Reprint & Expansion,13,1,400,119,604598,4033,0.260007476041932,0.1989768473372785,0.346742794385691,189
734955192,CATaclysm: the RPG of Feline Proportions,21,0.8,4009.88,72.18,26676.68,460,0,0.13649216879827133,0.16534553775057464,64.16
735929844,Ebonclad: A 5E DnD Thieves' Guild Setting + 7 New Adventures,4,17,90,53.5,31227,846,0.1988663656451148,0.3970295284926337,0,40
739088516,The Deck of Stories and NPC Cards,10,15,120,32.5,170384,2751,0.04296178044886844,0.4766434702623872,0,85
739731842,CHEW: The Roleplaying Game (TTRPG),12,25,349,174.5,46489,564,0.037535761147798406,0.1458295863204652,0.14368990513885005,157
740073300,GHOST IN THE SHELL ARISE - Tabletop Roleplaying Game,7,23.01,264.66,126.58,461063.19000000006,3212,0.6279790846022646,0.4355716683562915,0.6279790846022646,264.66
742525199,Western - the Roleplaying Game,18,1.15,862.7,158.16,72777.09,552,0,0.1773132065592775,0.44539840765823424,287.57
745641891,Secrets of the Nethercity,12,10,1000,75,24155,462,0.0827985924239288,0.15410037491171802,0.1759470089008487,50
753544956,5th Evolution: New Genres for Your 5E Game!,6,15,125,30,21820,789,0.1432172318973419,0.19719219663255988,0,30
759172140,GrymmWorld - A 5th Edition Fairy-Tale Setting by Grant Ellis,5,1,500,44,33513,1010,0.04475875033569063,0.37225561812912455,0.04475875033569063,44
759188489,Dolmenwood Tabletop RPG,7,50,650,160,1181030,8759,0.009906606944785484,0.21311690522196328,0.09792299941576421,190
764242494,Dusk City Outlaws,4,20,400,92.5,96985,1448,0.06598958601845646,0.36294551118873625,0.06598958601845646,120
765991952,"ORUN: Post-Apotheosis, Afro-Centric, Space Opera RPG",6,5,300,62.5,34280,869,0.03500583430571762,0.32572394407235905,0.03500583430571762,50
767018438,A Time for Sacrifice: A Call of Cthulhu Adventure,9,2,199,100,34750,802,0.005726618705035972,0.3110224158169867,0,36
767741024,Perilous Vistas: Two New Environment Books for Pathfinder,8,15,210,35,18496,337,0.011353806228373703,0.6565757507842338,0,69
770262509,Book of Spirits: An Ethereal Supplement for 5E,6,25,275,87.5,145115,2009,0.29562760569203733,0.20644060407501116,0.29562760569203733,275
772982289,Over Arms,13,1,150,30,40510,1464,0,0.21138589013284767,0,30
777039839,Arkadia: The Mythic Greek Setting for 5e,5,10,200,50,42340,1016,0.08030231459612659,0.35938069330558187,0,50
804672688,Carbon 2185 | A Cyberpunk RPG | Terminal Overdrive,11,19.52,260.24,78.07,121205.56,2063,0.053677405557962854,0.22116875464762534,0.053677405557962854,78.07
809198267,HYPERBOREA: Otherworldly Tales,10,1,1299,26,20475,436,0.06344322344322344,0.5740585227823323,0.12688644688644687,50
810452722,Tavern Tales: A 5e DnD Supplement,7,1,1000,45,27265,609,0.11003117549972492,0.25620008253515214,0.11003117549972492,45
810800705,Fantasy World Creator,6,52.49,232.14,78.16,145377.52,1579,0.07984040448619567,0.4265185256316377,0,81.66
816186930,Desert Moon of Karth,5,1,149,8,14002,1212,0,0.6748153655115812,0,15
816378530,Windheim Falling,8,19.98,175.1,49.165,57576.55,730,0.28282868633150127,0.22183871460214455,0,175.1
819291103,Fateforge: a 5th Edition Roleplaying Game,7,15,195,75,89560,1447,0.16329834747655203,0.20113662726273715,0,75
824023340,Fragged RPG | Regions.,9,1.39,417.82,45.26,39476.560000000005,621,0.052920011267445784,0.364432670220961,0.052920011267445784,114.9
825778086,Diceborn Heroes: A Co-op Dice Adventure Game,20,0.74,741.79,55.63,86541.75,1738,0.008571469839701647,0.11548843549099487,0.01937145944009683,43.77
833888729,The Lost Lands - Grand Duchy of Reme,12,10,2100,82.5,45835,577,0,0.2810030239109843,0.22199192756627031,100
834529356,Fantastic Lairs: Boss Battles & Final Encounters for 5e D&D,2,15,20,17.5,53595,2990,0.6526728239574587,0.5466179823502904,0,20
840121834,Ghost Hunters for World of Darkness 20th Anniversary,9,5,325,75,42360,911,0.02301699716713881,0.36974414301267705,0.02301699716713881,55
841272918,Devil's Swamp - A Call of Cthulhu RPG Adventure,9,1,299,36,15936,516,0.018762550200803214,0.2315052992466855,0.018762550200803214,36
846624810,The Heart of Chentoufi: Adventure in Luke Gygax's Okkorim,12,2,500,112.5,19548,313,0.1534683855125844,0.15349630836357375,0.2941477388991201,45
853120791,A Touch More Class: 9 New 5th Edition Classes,18,18.89,157.46,59.83,87724.59,2111,0.10769614312247,0.1471709035293078,0,56.68
854102932,BEOWULF: Age of Heroes,8,1.27,635.2,111.16,30123.97,562,0.021086198133911303,0.29990305215118657,0.021086198133911303,45.73
855479677,Valhal - Enter the golden Gates,6,1.11,120.68,68.09,21726.8,345,0.08331645709446399,0.3244823202236611,0,54.25
855827545,Crown of the Oathbreaker,8,1,1000,25,39435,1226,0.10143273741600102,0.18722851362087686,0.10143273741600102,25
857268609,Before All Others,14,1,2000,165,91716,798,0.21806445985433295,0.15797299401053994,0.47129181386017704,2000
859243429,The Forest Hymn & Picnic,5,1,125,45,29414,792,0.0042496770245461345,0.5769880562987596,0,45
863357637,Zargoth's Tome of Familiars for 5e,5,20,500,80,21860,609,0.022872827081427266,0.4454605495003135,0.022872827081427266,40
870181154,DNGN: Weird-Fantasy Megadungeon Zine,3,5,150,15,12740,979,0.03532182103610675,0.7709210782489545,0,15
870999013,The Koryo Hall of Adventures 5e Compatible Campaign Setting,30,4.52,152.7,147.05,28466.77,785,0.0911905354910304,0.1835083400814838,0,35.06
873106746,COLOSTLE - A solo RPG - make100,9,4.05,54,27,24422.85,1694,0.21447128406389918,0.18018552195606363,0,8.1
874615245,Pirate Campaign Compendium for 5E and Pathfinder RPG,12,30,500,145,34250,716,0,0.24671993180244023,0.08175182481751825,50
875888535,Legends of Avallen: a Celtic-Roman TTRPG,11,1.31,1310.66,39.32,22708.75,513,0.05771607860406231,0.19395663566996293,0.05771607860406231,52.43
876663429,Dungeon Master's Little Black Book,9,2.78,167.1,27.85,18297.02,1890,0.027397904139581198,0.27372923419657275,0,8.35
877781862,"Into the Unknown: A Solo Campaign for 5e, B/X, and S&W!",10,8,130,36,36585,1292,0.06751400847341807,0.28811022216185445,0,25
878356662,Level Up: Advanced 5th Edition,17,13.53,514.32,81.21,618758.89,4394,0.035742128892887505,0.19361961079650758,0.29061445888882503,162.42
882744766,Flames of Freedom: powered by Zweihander RPG,6,15,85,45,52935,895,0.40625295173325776,0.29406270010281255,0,85
883363094,Pasión de las Pasiones,8,15,250,65,27895,735,0,0.2752931294572145,0,50
883395688,"Fear's Sharp Little Needles, adventures for Call of Cthulhu.",5,1.27,75.94,36.71,40387.51,1135,0.5302401658334469,0.3556202649988835,0,75.94
885428476,DarkSpace - Sci-Fi Rules for Shadowdark,15,19,500,125,70461,930,0,0.1531409575369648,0.04967286867912746,99
888721245,"Stalingrad: Inferno on the Volga. WW2 solo, 2, 3 player game",9,2.38,891.97,184.34,55362.259999999995,623,0.04833455137127712,0.23168781087774962,0.06981633336500352,65.41
892481513,"Codex RPG Zine, Volume 1 Hardcover",26,25,1000,100,30645,703,0,0.3003473665567575,0.05547397617882199,50
898027743,Into the Wyrd and Wild,7,15,150,60,47635,1526,0.031489451033903645,0.3467720789655965,0,60
901379798,Archetype Anthology: A Dozen Subclasses for D&D 5th Edition,4,9.59,191.86,47.28,11486.17,526,0.18373922726200292,0.28507856805101867,0,27.41
906155904,"Brancalonia 5E: Complete Knave, Grand Theft Market & Saints",8,1.15,484.15,119.30499999999999,175612.97999999998,1146,0.07443669596632323,0.3598159507846253,0.07443669596632323,206.34
908301126,Heroic Fantasy & Barbarian Conquerors Collection,16,7,1000,50,27027,572,0.11100011100011101,0.17577589794262008,0.21275021275021275,55
911037737,Satanic Panic,6,1,10000,90,26523,622,0,0.49597447311751297,0.04712890698638917,55
911432658,Shield Maidens: A New Viking/Cyberpunk Tabletop RPG,7,1.31,295.12,52.47,47255.579999999994,500,0.02498075359566003,0.39212969563910766,0.02498075359566003,131.17
914370670,Ghoul Island,3,15,25,25,61675,2589,0.12282124037292258,0.6653959546105882,0,25
915311269,Out of the Ashes,12,20.35,203.48,111.92,22057.199999999997,348,0.018450211268882726,0.1445849297986078,0,61.04
920339500,UnFamiliar: Release The Tiny Beasts,8,12,1800,51,26224,870,0,0.23730611726967848,0.0762660158633313,48
929234461,Deep Carbon Observatory Remastered,4,12.87,160.92,64.365,51603.7,1676,0.031183810463203218,0.8149029690572509,0,32.18
934208326,Noir World,10,1,1500,40,27457,1063,0,0.30381589664790665,0,25
937868037,Secret Dragons: Epic New Playable Dragons for 5E and PF2,15,25,599,139,153966,1014,0.03890469324396295,0.16207059377232153,0.03890469324396295,139
938049399,Enthralling Adventures and Incredible World for 5th Edition!,28,1,2650,200,98329,306,0.10780136073793083,0.1332696103922912,0.8518341486234987,375
952889261,BRANCALONIA - THE SPAGHETTI FANTASY RPG,8,1.09,85.91,58.725,160375.76,2707,0.30105185471919194,0.22470879151089015,0,85.91
953664408,Traveller RPG: The Deepnight Revelation Campaign Box Set,4,1.29,155.18,74.35499999999999,89262.39,833,0.4728638791768851,0.4432331256800509,0,155.18
958997912,Cartel: A Mexican Narcofiction Tabletop Roleplaying Game,12,10,1000,130,55100,1036,0.018148820326678767,0.18991775389409127,0.0499092558983666,50
959873660,Dice Bites:Collection of Molds for RPG-Dice Treats & Crafts.,14,59,269,118,101733,1010,0.08990199836827775,0.19993010487650587,0.08990199836827775,99
959884646,Delta Green: The Labyrinth,6,1,2000,77.5,82798,1858,0,0.43965019084234847,0,45
962026189,Questlandia RPG - Updated and expanded,3,10,65,25,12535,453,0.4563222975668129,0.40041453932976495,0,65
966560463,Endless Realms RPG,12,0.78,979.78,70.545,28600.62,333,0.17128649658643763,0.19788772385066916,0.42753059199415955,90.14
966991044,Project: Dark,13,1,125,85,68359,2071,0.0018285814596468643,0.28833302524370136,0,35
967142965,"ORBITAL, a space station RPG zine",3,10.47,157.02,15.7,20583.56,1342,0.03814209009520219,0.7304242198302991,0,15.7
980688609,Rise of the Drow: Collector's Edition for D&D 5E or PFRPG,4,5,99,59,149836,1748,0.8463853813502763,0.7277575138629316,0,99
981504825,Lunars: Fangs at the Gate for Exalted 3rd Ed.,27,5,800,155,241910,2362,0.009921045016741764,0.23055573373164243,0.2031333967177876,130
981892671,The Goblings: A Whimsical Adventure for 5th Edition,4,9.07,39.66,19.259999999999998,30642.94,941,0.85291881262046,0.7379845452934505,0,39.66
982134036,Blackstorm Realms: A 5th Edition Setting,12,1,2500,72.5,66895,1069,0.03737200089692802,0.17241411019489358,0.10912624261902983,85
982559626,Crystal Heart - a colourful setting for Savage Worlds,6,1.28,224.45,54.510000000000005,26583.62,699,0.08443169139492665,0.2647614931497555,0,38.48
986359709,"Mythic Mint: Fantasy, D&D, RPG and LARP Coins",8,14.04,245.75,45.64,22482.32,344,0.14210054834198607,0.2508618908664918,0,98.3
991176262,Cairo:Otherscape & Neuro:Otherscape - Mythic Cyberpunk RPG,7,39,399,99,264458,2342,0.09655975618056553,0.27898437911252,0.27696269350898817,129
994025266,Commissioned: The Call,8,1,250,49,26321,547,0.0664868356065499,0.28864893246255213,0.0664868356065499,69
997447334,Deimos Academy,7,1,300,65,19049,540,0.07874429103889968,0.3236841108588108,0.07874429103889968,35
1002939824,SINS - The Roleplaying Game,12,2.57,193.09,34.754999999999995,32228.74,702,0.023964945573422974,0.28037112700193606,0,90.11
1007506307,Temeraire: The Roleplaying Game,6,29,250,124,326063,2556,0.006900506957244459,0.3055440746347799,0.006900506957244459,249
1008570694,Lone Wolf—Adventures in Magnamund,9,18.67,218.54,42.83,98654.90000000001,1129,0.19493730164441908,0.29816730584575807,0,75.78
1013378690,AFFINITY: Three sci-fi/fantasy campaign settings for 5E,11,10.31,157.07,38.87,72817.3,1151,0.10785211755997544,0.34915092652789637,0,99.16
1020899030,Misspent Youth RPG: Sell Out with Me!,11,1,100,35,29423,985,0,0.3717854824829583,0,45
1021205843,A Touch of Class: 7 New Classes for 5th Edition,7,12.55,87.82,40.15,74873.9,2434,0.023458107564852372,0.33362847155307346,0,43.91
1026582963,Mini-Dungeon Monthly: RPG zine for D&D 5th Edition,3,1,49,5,17591,799,0.9442896935933147,0.8934003029783024,0,49
1026598212,Numenera: Into the Ninth World,16,15,1800,187.5,253980,2249,0.007087172218284904,0.3056562820937994,0.0600834711394598,150
1035728884,ZWEIHANDER RPG Reforged Edition,11,20,425,100,138142,1672,0.07999015505783903,0.14010345465024618,0.07999015505783903,110
1037771623,RPG Treasure by Campaign Coins,9,0.66,237.93,142.76,51304.71,486,0.31071825569231365,0.20066356648310046,0,237.93
1041616355,Black Void: Under Nebulous Skies,7,1.58,276.11,42.6,15847.3,410,0,0.3110293173504296,0,42.6
1046146938,Adventures Await!,9,1,500,50,63475,1786,0.007877116975187082,0.2028800898965504,0.027569909413154785,60
1049138852,Through Ultan's Door,6,15,120,25,32440,848,0.018495684340320593,0.5027551575820143,0,50
1049442758,Necrobiotic - A Dystopian TTRPG,9,25,550,200,51115,864,0,0.24256391479112918,0.07727672894453683,100
1050139758,KULT: Divinity Lost - Horror Roleplaying Game (RPG),13,5.3,2503.06,175.51,159262.46,1814,0,0.22291590874285003,0.13871291451858775,60.07
1055501595,Agents of Concordia the Roleplaying game,6,1.15,138.42,40.260000000000005,21320.1,483,0.03246232428553337,0.33612621617180927,0,115.35
1063392975,Zafir: Tactical Roleplaying Game,10,5,500,70,16635,336,0.15028554253080853,0.17096297211771797,0.15028554253080853,50
1065283803,Rifts® for Savage Worlds: American Armageddon,8,1,150,67.5,224393,1937,0.7807730187661825,0.6227934113124025,0,150
1072569935,Earthdawn 4th Edition - Iopos: Lair of Deceit,13,1,350,100,24384,414,0.3301345144356955,0.19063056225070782,0.36704396325459315,350
1073092820,Freedom Squadron - A Savage Worlds Setting,8,1,95,30,35149,642,0.6405587641184671,0.4625613119936479,0,95
1076963999,SKULLKICKERS: Caster Bastards and the Great Grotesque,8,10.7,1376.04,112.38,31261.95,617,0.04401644811024264,0.2650258707854339,0.12617958892519499,68.04
1077018596,Neoclassical Geek Revival,6,0.76,190.12,13.305,17895.58,450,0.3399632758480027,0.3882450186768994,0,57.04
1085110982,"The Strange, a Tabletop RPG by Bruce Cordell & Monte Cook",27,10,10000,320,384265,2828,0,0.09776383777716799,0.5083991516271323,80
1094441588,Kamon: Japanese Fantasy Setting for 5e,4,5.5,97.83,40.12,35931.67,689,0.5254748805162688,0.3874166613737411,0,97.83
1095031740,Dragonflight,13,16,1200,80,107421,2001,0.022342000167565,0.11150420456608452,0.11077908416417646,45
1103862733,Descent into Midnight,10,2,985,95,39874,767,0.049405627727341125,0.2715141991047191,0.1064603501028239,40
1107612951,Uprising: The Dystopian Universe RPG,4,1,100,29.5,38630,1395,0.03365260160497023,0.5190230445837498,0,39
1112670350,New Tales of the Miskatonic Valley 2ed for Call of Cthulhu,5,1.4,69.91,41.95,32373.38,775,0.13388839843105663,0.4003775832513354,0,55.93
1116513003,Seven Worlds - realistic science-fiction for Savage Worlds,6,7,110,45,19952,381,0.3473336006415397,0.2963336295400863,0,50
1118963986,Jiangshi: Blood in the Banquet Hall,5,20,300,90,82125,1324,0.021917808219178082,0.4087510324360766,0.021917808219178082,65
1128192848,Nahual: A Tabletop RPG of Mexican Urban Fantasy,10,10,500,65,52990,1794,0.018871485185884128,0.1695518718508276,0.052840158520475564,50
1137563841,Field of Screams,8,1,399,194,14372,113,0.27762315613693295,0.30184172706786994,0.324241580851656,89
1138306119,"Dungeon Fantasy Roleplaying Game, Powered by GURPS",7,50,1986,250,160067,1469,0.02481460888253044,0.3467597938443462,0.5624019941649434,250
1141650597,Domina Magica - A Magical Girl RPG,8,1,10000,82.5,39633,832,0,0.29439530840313916,0.01892362425251684,50
1142235214,Arcana Note: 5E Leather Journal & Adventure Kit,5,19,219,54,47967,758,0.11414097191819376,0.32164489051295975,0,54
1143220912,Tome of Beasts 2 for 5th Edition: 400 New Monsters,16,15,495,62.5,410909,6428,0.024092925684275592,0.15338411749624425,0.024092925684275592,50
1143933257,Hyper Light Drifter: Tabletop Role-Playing Game,11,1,300,55,72872,984,0.024700845317817542,0.3488087176644178,0.06586892084751345,125
1147838793,DCC Lankhmar,5,1,150,50,137467,1835,0.031643958186328355,0.5843558231659762,0,100
1148690238,MONSTROUS,8,20,175,75,54570,1128,0.0032068902327286055,0.21745617166063066,0,95
1151622238,Earthdawn Magic: Deeper Secrets,7,1,350,50,31243,393,0.34727779022501043,0.24091943879620695,0.6355023525269661,350
1155736102,Gallows Corner - A Peasants' Revolt RPG,4,13.68,102.62,41.045,88196.44,1282,0.7272118919992688,0.5696743416386092,0,102.62
1156988526,WARPLAND,3,8,63,33,28964,938,0.4067463057588731,0.43186654416787307,0,33
1157817746,Treacherous Traps for 5th Edition!,17,12,420,50,158839,3059,0.01057674752422264,0.23434736834168834,0.01057674752422264,100
1159585524,Monsters of Murka: Restaurants and Retail,13,20,350,70,54970,1122,0.006367109332363107,0.17804717204141549,0.006367109332363107,50
1159812345,Epic Legacy Campaign Codex: 5th Edition Beyond 20th Level,9,16,1000,75,44433,816,0.04501159048454977,0.1832868099853314,0.09002318096909954,73
1161376674,Ultimate Spheres of Power: The Complete System! (Pathfinder),9,5,149,79,23151,349,0.05792406375534534,0.25306057133724846,0,79
1162408509,The Yellow King Roleplaying Game from Robin D. Laws,19,12.74,1415.04,114.63,167927.43,1694,0.008426497088653116,0.1205693259711031,0.2202626455963746,114.63
1176057031,The Midnight World,10,10,500,112.5,21715,369,0.11512779184895233,0.17595052267169217,0.14966612940363805,45
1180505181,The Lovecraft Country Holiday Collection,14,1,500,50,18256,396,0.10955302366345311,0.13521161880386917,0.10955302366345311,50
1180980210,Historia: Dark Fantasy Renaissance Setting for 5e,14,1.1,1868.34,113.195,68180.14,1389,0,0.14761188654687635,0.0441675537773903,46.16
1181207305,Barkeep on the Borderlands,5,5,40,20,23870,1240,0.1893590280687055,0.3459103027869329,0,20
1185556512,The ORPHEUS Protocol,12,1,500,90,31352,476,0.06379178361826997,0.21863553818616208,0.15150548609339118,60
1186035417,"Heroes of Normandie, strategic resupply",5,1.06,53.06,38.2,90140.84000000001,1994,0.13538591386545765,0.47936550840640924,0,49.88
1187929391,The Black Hack RPG Second Edition,7,1.34,93.62,16.05,57482.659999999996,1487,0.36156364371446975,0.29279279990455626,0,93.62
1188631987,World of Alessia Campaign Primer for 5e D&D & Starfinder,14,3,600,70,19709,397,0.09132883454259476,0.1212475116888008,0.18773149322644478,80
1190893465,Last Fleet RPG #lastfleetrpg,12,1.33,530.78,36.49,23746.9,778,0.022351549044296305,0.264902789187709,0.022351549044296305,33.17
1191506987,Broken Tales,7,21.67,258.89,60.21,112550.53,1415,0.009200845167055188,0.503154736722792,0.009200845167055188,102.35
1192342797,Sigil & Sign — Cthulhu Mythos RPG where you play the cultist,7,37.23,640.57,88.58,95300.11,832,0.03360804095609124,0.487264232398832,0.04220194499250841,152.76
1195215824,GRADIENT DESCENT: Module for Mothership Sci-Fi Horror RPG,4,1,55,10,30896,1392,0.5714331952356292,0.4759814423779105,0,55
1195567919,Svilland: 5E Norse Setting & Freyja's Tears A Grim Adventure,10,1.28,84.76,40.455,163649.58,2649,0.6992135268541478,0.5102484568426433,0,84.76
1200394135,Cats! The Conspurracy TTRPG,12,25.53,331.88,81.69,52552.850000000006,623,0.012630333083743317,0.17443423710376757,0.25979637640965236,117.43
1204565421,Hack The Planet,8,13.31,96.3,34.45,34096.020000000004,1059,0.2090038661403882,0.2935349409505602,0,31.32
1209677578,Once More Into The Void,6,0.82,61.85,12.37,24105.11,934,0.25401875369994165,0.37460425249599355,0,41.24
1210119689,Limitless Encounters 2 - 100 DnD5e encounters,8,15,100,25,33965,1211,0.18254085087590166,0.17550749813917477,0,15
1211127319,"The Artefact, a solo RPG zine",5,7.92,39.6,19.8,39012.6,2554,0.20301133479952632,0.275370199033936,0,13.2
1216367761,Star Breach Soft Cover Rulebook,4,15,50,32.5,15240,458,0.016404199475065617,0.723697954340353,0,40
1219341623,Wondrous Expeditions: Forests - Roleplaying Guide,14,2.36,188.72,58.975,98082.81,2047,0.12314165958336634,0.10279175824599646,0,64.87
1235953202,Castles & Crusades Codex Egyptium,9,15,200,50,22550,368,0.15964523281596452,0.20760527234379378,0,100
1236349742,Shadows of Esteren - A Medieval Horror RPG: Occultism,18,20,400,122.5,77802,749,0.03084753605305776,0.12134238304085819,0.2508932932315365,99
1237480310,"Kingdoms, Warfare & More Minis!",8,25,1000,92.5,1291315,17239,0.205991566736234,0.186843352735999,0.32308150993367224,40
1237644644,Shadows of Esteren - A Medieval Horror RPG: Dearg,17,25,1000,200,153828,1129,0.07800920508620017,0.1513435946585312,0.23041968952336375,199
1241676436,The Dark Eye RPG—English Edition,7,20,299,199,116778,1592,0.025604137765675043,0.2554540284955766,0.025604137765675043,125
1243605332,Tome of Summoning: The All-In-One 5e Reference System,8,1,199,87,111540,1077,0.26761699838622915,0.2381842893317218,0,149
1245986696,Vault 5e: Uncharted Dungeons,5,30.17,985.08,155.48,61448.88,860,0,0.3497093187935545,0.25956632570032195,63.82
1246106858,Ultimate NPCs: Warfare for 5th Edition,8,1,500,57.5,38052,1108,0,0.26219932360536047,0,70
1248438217,A Mystery Adventure Inspired by Edgar Allan Poe for 5e,7,1.29,219.37,19.36,28851.33,1450,0.3345523412612174,0.33047424677784404,0,19.36
1253306114,ASTRA ARCANUM: The Roleplaying Game,7,3,239,59,152319,1491,0.19456535297631944,0.2592493553515313,0,200
1254009610,🐉 Draconis: The Peaceful Way to Play DND 5E,6,10,180,65,96805,1162,0.5596818346159805,0.3715944215206982,0,180
1263858311,Mythic Mania 2: Two New Mythic Rulebooks for Pathfinder RPG,15,30,500,60,17560,169,0.02847380410022779,0.2778342785685006,0.36161731207289294,100
1265495309,Silver's Monster Girl Manual!,5,1,275,50,118615,2194,0.16692661130548414,0.3161179120616264,0.16692661130548414,50
1268826056,Ultimate Bestiary: Secrets of the Fey for 5th Edition!,19,20,450,50,87516,1621,0,0.2077730113800157,0.006855889208830386,120
1269320637,Mythic Carpathia & City of My Nightmares for the Vaesen RPG,12,28,507.16,74.975,468225.99,5652,0.01083152176153229,0.274265834016179,0.04356281034292864,84.37
1271847410,FIST Paranormal Mercenary RPG Box Set,6,20,200,52.5,94165,1187,0.10832050124780969,0.4268720160109444,0,100
1273865828,Shadow of the Demon Lord Freeport Companion,4,10,80,40,27270,657,0.005867253392005867,0.6041502695679665,0,50
1277151544,RPG Sounds,13,21.17,277.5,56.44,61437.649999999994,1040,0.013550322969709943,0.1800970129656141,0.013550322969709943,51.74
1278437912,HC SVNT DRACONES 2.0: Mastered,9,5,1000,150,25870,229,0.11596443757247778,0.18682250418337112,0.5566293003478933,500
1279559829,Forbidden Lands - Retro Open-World Survival Fantasy RPG,6,1.26,377.63,66.08500000000001,289328.13999999996,3386,0.05612343825249767,0.4515025747168508,0.05612343825249767,88.11
1283994656,Cthulhu Awakens Roleplaying Game,8,1,175,57.5,62068,1067,0.09022362570084423,0.26749178625812997,0,60
1284935442,"BFF! – The rpg of girlhood, friendship, and adventure!",6,20,450,70,23630,452,0.05713076597545493,0.3206005656752634,0.05713076597545493,50
1286599279,Grimslingers: The Northern Territory,7,10,150,50,128146,2397,0.11705398529801944,0.2743115838023732,0,50
1286813510,BroadSword Monthly Extra Attack,11,25,2000,95,25943,398,0,0.2211873813023347,0,155
1287070652,Dragon Town and the Darkness Below: Fantasy TTRPG Adventure,4,20,350,69.5,101215,1609,0.12448747715259596,0.3813639213165337,0.12448747715259596,99
1295647260,Zorro™: The Roleplaying Game,5,15,150,60,31530,649,0.30922930542340626,0.25551036075469785,0,150
1296808139,Defiant RPG Reign & Legacy,8,40.05,370.5,90.125,65819.07,616,0.13509762444227788,0.16897566664301553,0.13509762444227788,170.23
1301485413,Paranoia RPG,18,1.6,401.2,104.315,182394.84,2891,0.010998118148517798,0.2161774833575757,0.01253785468931029,48.14
1303186633,Darkest Doom,4,108.46,163.24,130.37,358518.72,2539,0.11701670696581758,0.5009647860617554,0,152.28
1305498045,Professor Primula's Portfolio of Palaeontology,14,6.44,1932.83,83.76,240653.22,2973,0.04015799165288542,0.09854435582945627,0.04015799165288542,122.41
1305532954,More Magic items for 5e: The Griffon's Saddlebag | Book One,10,20,1000,140,442765,6417,0.02258534437003828,0.12977310568009973,0.02258534437003828,40
1308027924,Creed's Codex: Legends of the Psionics (D&D 5E),3,20,50,50,46190,1222,0.13098073176012123,0.49094829891370395,0,50
1311308632,Through the Valley of the Manticore,3,8,37,15,10557,731,0.017523917779672254,0.8616677832635439,0,15
1313878870,KULT: Divinity Lost - Horror Guide & Scenario Collection,10,5.44,846.07,65.275,166257.76,1599,0.061066863886533776,0.30271031056618464,0.19651798508532772,125.11
1320127949,Talislanta: The Savage Land,27,5,275,80,56048,1949,0.009813017413645446,0.07068614554231034,0.03711104767342278,50
1320623133,Shadowrun: Anarchy 2.0,26,35.12,175.61,111.22,216446.44,2310,0.005679326488345108,0.0954481211374212,0,58.54
1324057055,Shotguns & Sorcery for 5E,4,30,200,80,38460,724,0.036401456058242326,0.3854041005113944,0,60
1326050971,"Witch+Craft, a 5e Supplemental",18,15,1000,155,106390,2932,0.028198138922831094,0.2631647659125538,0.028198138922831094,35
1327791986,Echoes in the Deep - A Fateforge Tale: Advanced Solo TTRPG,7,11.41,285.3,57.06,74454.23,1077,0.12645218411364942,0.4461868247446881,0.12645218411364942,91.3
1332155207,The Ultraviolet Grasslands,8,1,222,50,76290,1386,0.008729846637829336,0.22994113550853318,0,75
1337844686,"Lex Arcana - Roma the Eternal City, Atlantis and The Fall",9,1.08,486.42,80.17,167622.00999999998,1398,0.1654075142041311,0.4698309663730953,0.1654075142041311,128.92
1342385545,The Spy Game: 5th Edition Action/Espionage Roleplaying Game,8,1.27,571.44,95.24,28986.350000000002,462,0.09857053406172216,0.22298761551949672,0.19056866421608792,44.44
1343621031,Pirates of Pugmire - A Realms of Pugmire Tabletop RPG,16,5,400,110,33515,671,0.07160972698791586,0.22090373539103728,0.12531702222885274,45
1346159935,Red Giant: A Cursed World TRPG,12,1,125,37.5,30406,1026,0.057554430046701306,0.20901135207578136,0,30
1346194019,Old-School Essentials,16,11.28,225.54,93.035,130829.25,2061,0.0172392641553781,0.17587117805677482,0,78.94
1352812530,Corpus Malicious - The Codex of Evil for 5E,10,1.26,664.22,61.760000000000005,117756.78,2202,0.03384365639074031,0.21300443815587328,0.03384365639074031,78.14
1354627632,Mythological Figures & Maleficent Monsters for D&D,6,18.55,148.41,74.205,105573.71,1829,0.14900925618698063,0.25057923897851325,0,98.94
1356593011,Forgotten Ruin - The Role Playing Game,12,1,5000,200,28992,398,0.17246136865342163,0.11847456434659298,0.42770419426048567,5000
1357069837,Baby Bestiary: Reprint + Digital Goodies,8,10,125,52.5,20020,469,0.1436063936063936,0.23201798201798202,0,55
1359956246,Apocalypse the Risen RPG (5E / 5th Edition & Pathfinder),18,1,1800,82.5,17346,221,0,0.09007737726823342,0.17295053614666206,200
1378803389,Erevan's Guide to Death and Beyond - A 5e Tome,10,1.09,800.62,150.12,902409.1699999999,5380,0.21292868732705808,0.14862150716387307,0.5537259334366028,800.62
1381396851,Electric Bastionland RPG,8,1.28,383.25,38.325,50887.770000000004,1268,0.02259383737978693,0.650246843918824,0.02259383737978693,51.1
1381400711,"Occam's Razor, a collection of scenarios for Call of Cthulhu",5,1.29,64.38,38.63,34819.37,1176,0.03697941691650365,0.3612010112126205,0,51.5
1383654850,When Society Collapsed: Dam Nation - A Tabletop RPG,9,30,499,150,538822,3802,0.06945707487816014,0.22414681071853795,0.6082713771894985,250
1383912749,THE FANTASY TRIP – Old-School Roleplaying!,11,25,2250,500,290210,3330,0.0232590193308294,0.4772001204613851,0.05943971606767513,110
1384272728,Gates of Krystalia – Lumina: The Card-Based Anime JRPG TTRPG,28,1.37,585.6,123.14,110624.32,653,0.052935918611748296,0.13781442602654984,0.4608850025021623,205.23
1384899329,Cities of Hârn,5,1,999,49,52346,912,0.24809918618423565,0.48334677562256184,0.24809918618423565,79
1396850026,Black Void RPG,10,1,331.18,56.44,44766.17,1029,0.029591988771878408,0.23371881106549403,0.029591988771878408,59.76
1403121700,Heckna! Carnival Horror Campaign Setting for 5e DnD,9,20,400,80,400195,5049,0.15192593610614824,0.28356457605370383,0.15192593610614824,120
1404189412,Ryuutama - Natural Fantasy Role-Playing Game,15,1,500,78,87489,2035,0.022860016687812183,0.3753560978377469,0.03143252294574175,50
1408544541,SYMBAROUM - Monster Codex,17,1.23,369.08,98.46,95122.57,1243,0.07760093109343029,0.19331734699738976,0.07760093109343029,67.65
1412009402,"Nibiru, a Science Fiction RPG of Lost Memories",11,1.28,511.21,63.9,33076.22,555,0.015455514566053798,0.19945390822500436,0.015455514566053798,95.85
1413351962,"The Sword, The Crown, and The Unspeakable Power",9,1,500,70,16032,705,0.062375249500998,0.25801143004659344,0.062375249500998,40
1419206014,POSSIBLE WORLDS: An RPG Subscription Box,4,1,50,15,21146,517,0.8441312777830322,0.7347919030080501,0,50
1419722009,Zagalhta's Exolunar Collection: A 5th Edition Expansion,6,20.76,207.64,55.37,79511.47,1671,0.15146393344255865,0.19244320374291157,0,41.53
1437164902,Bestiary - 3D Printable Models,5,20.82,98.9,57.26,43819.56,781,0.5078211647948998,0.42973578594284945,0,98.9
1438803021,Torg Eternity,7,1,1000,70,229058,1683,0.04365706502283265,0.48588668704872945,0.04365706502283265,200
1442144222,INTERFACE ZERO 3.0,8,10,125,35,58880,1291,0.34391983695652173,0.24244583216416585,0,125
1445684453,Dungeon Bitches: A Queer TTRPG,10,5,500,37.5,29055,817,0.017208742040956806,0.3189703267211904,0.048184477714679055,55
1449042446,"MORTASHEEN: a weird, MONSTROUS pen & paper RPG world!",16,1,200,45,21380,470,0.09354536950420954,0.1845355240509608,0,55
1450961381,HeroBook - The 5E Player Character Notebook,14,3.92,783.83,146.57999999999998,124351.61,3318,0.0063033361610677985,0.2244372992345698,0.009454964033035036,22.73
1452914775,5th Edition Adventure: The Undying War,8,19,300,82,46969,605,0.057484723966871765,0.2767674419884303,0.057484723966871765,99
1453368362,Trinity Continuum: Anima Tabletop Roleplaying Game,10,5,450,87.5,32435,705,0.013873901649452751,0.4382489231703615,0.035455526437490364,55
1454526002,Map Maker Adventures - Dungeon Crawl RPG for 1-4 players,8,1,404.64,65.81,39284.57,852,0,0.37787780870471227,0,50.69
1459548309,PunkApocalyptic: The RPG,9,1,500,40,39513,851,0.05061625287879938,0.3722602178140222,0.05061625287879938,60
1462484204,HULL BREACH Vol. 1,4,25,125,65,365295,4779,0.5057556221683844,0.36256570499642365,0,125
1462708379,SHIVER: Roleplaying in the Strange & Unknown,7,19.54,650.02,102.91,42620.979999999996,588,0.030502348843222282,0.36535058959269756,0.03811268534885871,102.91
1463091294,Tiny Supers: Minimalist Superhero Roleplaying,8,10,200,50,38332,1111,0.026087863925701765,0.23751566401592775,0,35
1463105356,Vault of Magic for 5th Edition,8,25,599,82.5,419470,7761,0.01570791713352564,0.2370106341384996,0.01570791713352564,49
1467542810,Alice is Missing: A Silent Role Playing Game,6,1,300,20,117151,4724,0.007682392809280331,0.393742320995783,0.007682392809280331,40
1472372289,Lex Arcana - An Empire Without End RPG,9,1.16,186.18,52.36,157316.13,1634,0.3893638878607044,0.27613970833839974,0,186.18
1478434241,INSPIRISLES,9,1.26,627.85,56.51,27033.399999999998,580,0.023224973551236622,0.29019633352350505,0.0580618790089297,56.51
1485029332,The North Sea Epilogues RPG + Raiders Play Mat,7,0.65,287.22,31.33,55991.729999999996,1701,0.08207497785833731,0.3862697428794761,0.08207497785833731,24.81
1485903280,Out of the Box: Encounters for 5th Edition,10,1,5000,82.5,214363,4037,0,0.19903681601525017,0,115
1487861879,Monsters of the Underworld for 5E,7,14.96,299.28,71.08,28147.04,695,0.08506187506750265,0.22284435165665006,0.08506187506750265,71.08
1488282465,The Tome of Magical Mystery (5E Compatible),11,1,275,70,30858,649,0.04455894743664528,0.13275047072189797,0.04455894743664528,40
1491991867,Lairs & Legends 2 - The Definitive 5e Resource Anthology,8,80,1000,145,166580,1444,0.006003121623244087,0.26822234270909595,0.01320686757113699,120
1494470168,Wilderfeast,6,23.73,134.82,86.28999999999999,131801.73,1608,0.2035571156767062,0.26071936054371725,0,124.04
1498980312,Survivalist's Guide to Spelunking for DnD 5th Edition,4,19,99,34,110197,3003,0.07366806718876194,0.6068492722584224,0,39
1499667041,Svilland: The Norse Mythology Setting for DnD 5E,10,1.29,103.42,45.245000000000005,27171.190000000002,880,0.01903118707719463,0.427455654890694,0,38.78
1502598161,Mnemonic: A Weaver’s Almanac,6,20,100,60,17860,486,0.083986562150056,0.236976910122152,0,30
1505199645,Ptolus: Monte Cook's City by the Spire,10,40,400,210,484510,3482,0.11145280799157913,0.27001979925105846,0.2377866297909228,150
1505558165,Zander's Guide to Zombie Hunting,9,25,189,85,53704,903,0.14429092805005214,0.141577216053996,0,55
1514249917,Blade Runner RPG: Replicant Rebellion & Asset Pack,10,37.36,375.31,79.60499999999999,273813.55,3663,0.0013706772363895068,0.3321527497777369,0.0013706772363895068,65.52
1514336658,Flotsam: Adrift Amongst the Stars,13,1.33,279.25,39.89,12054.2,457,0,0.23376825178273505,0,30.58
1514567798,Hexbound: A Witchy Supplement for 5e,5,20,300,50,287180,4842,0.1546068667734522,0.30099020189946707,0.1546068667734522,100
1515937553,Empire of the Ghouls: A 5th Edition Campaign vs. the Undead,18,10,5000,77,167691,2294,0,0.265926272442021,0.031009416128474396,85
1516103432,Under Hollow Hills,8,1,200,62.5,27997,924,0.07143622530985463,0.2590015802735609,0,30
1520482520,Wulfwald,3,13.34,106.75,53.38,18548.98,418,0.034530200582457905,0.8024403782777975,0,53.38
1521954228,"Pax Viking, Pax Renaissance & High Frontier 4 All: Module 3",9,1,119,74,235226,3244,0.36626903488559936,0.26775744735107265,0,119
1525671074,Dead Man's Rust - a mega-adventure for Scarred Lands 5E,11,5,450,155,18100,426,0.024861878453038673,0.39437639266200664,0.09392265193370165,55
1529689329,Carbon 2185 | A Cyberpunk RPG,12,19.27,642.21,89.905,159594.38,3146,0.012072041634548785,0.2906508834229426,0.04647682455986232,44.95
1533965752,Cats of Catthulhu 10th Anniversary Edition,9,1,288,50,49398,632,0.06996234665371068,0.2728082929680282,0.06996234665371068,89
1534205096,The Broken Empires RPG™: Sim-Lite d100 Skills-Based TTRPG,10,39,469,142,460696,4196,0.10892866445551948,0.13936358311206148,0.22886675812249294,125
1537967390,Bestiary Vol #2 - 3D Printable Models,8,20.44,122.64,71.54,46863.81,754,0.43179587831207067,0.3305585187368113,0,122.64
1540688098,Spectaculars,6,20,230,120,92395,1419,0.004978624384436387,0.28664101288041316,0,65
1540844778,Coriolis RPG,7,1.16,173.46,92.51,18191.280000000002,122,0.820039051677507,0.6813002509584446,0,173.46
1545265670,Exclusive Numenera Boxed Set Edition,6,20,350,200,277650,1961,0.013866378534125697,0.546214400277288,0.28363047001620745,120
1548054552,Shadow of the Demon Lord,14,6,6666,141,83580,1024,0,0.2672832421774548,0.06374730796841349,102
1550488924,Monsters of Feyland for 5th Edition,7,15.62,312.37,46.86,21113.07,428,0.02959020170917825,0.2462446194473459,0.02959020170917825,46.86
1553140183,Legendary Dragons: A 5th Edition Supplement,12,5,2000,52.5,100970,2469,0,0.21138712535351725,0.06239477072397742,40
1553292871,"Seeds of Decay - 5e campaign setting, bestiary, & adventure",7,1,500,50,87194,1272,0.06881207422529073,0.26655599678570574,0.06881207422529073,120
1553437901,Atlas Animalia - A book of monster variants,12,1,200,62.5,39389,792,0.055853156972758895,0.2209650382375059,0,50
1560287541,The Angry GM: The Website: The Book,7,1,10000,45,67359,2198,0,0.3361586012192169,0,25
1564876572,They Came from Beyond the Grave!,9,5,350,100,33550,719,0.03129657228017884,0.43164305338696385,0.05588673621460507,55
1569204663,Historica Arcanum: Era of the Crusades (5E+),9,3,349,99,308238,2500,0.07586021191417022,0.23380823960379324,0.29993706162121475,199
1570052732,"No Thank You, Evil! a Game of Make-Believe for Families",10,20,5000,165,102000,1473,0,0.5148292195309497,0.023529411764705882,70
1575178958,Space Kings: The Book,4,1,50,21,18471,563,0.5522169887932434,0.44252953989470845,0,50
1576689446,Limitless Monsters - 100 DnD5e monsters,7,15,85,25,21755,761,0.19535738910595266,0.19800650788082594,0,25
1578559896,Quest Decks: Adventure Cards for your RPG Games,16,14,270,62.5,182089,3582,0.0029655827644723184,0.09190500562909341,0.0029655827644723184,129
1589305460,5th Edition Monsters & Treasure of Aihrde,10,15,250,97,25907,436,0.057899409426023854,0.19998304340914824,0.057899409426023854,180
1589666710,Stars Without Number: Revised Edition,5,20,175,55,191665,3112,0.4601779145905617,0.2925943039241821,0,175
1590125059,Into the Fey - A Fifth Edition Module for Levels 1-5,11,1,2500,65,93765,2119,0,0.2383471524984023,0.047992321228603425,50
1590366055,Over the Edge: A Roleplaying Game of Weird Urban Danger,18,20,750,105,119105,2144,0.006296964862936065,0.10614981081322741,0.03442340791738382,40
1592901244,Academies of the Arcane,6,16.6,47.02,47.02,31823.269999999997,867,0.042848519338207554,0.4022616666782429,0,38.73
1595192826,Vaesen - Nordic Horror Roleplaying,8,1.05,209.18,86.285,188092.09000000003,2649,0.050045166705309084,0.33534345715999336,0,67.98
1595389419,Make GM Binder the BEST Tabletop RPG Content Platform Ever,18,1,10000,62.5,52883,723,0,0.21314545431695073,0.20838454701889075,200
1596179847,Strata: a Spire RPG sourcebook,13,1.31,4587.29,78.64,70848.61,1287,0,0.1709882343490772,0.03884875087881047,78.64
1596366768,Dystopia Rising: Evolution Tabletop RPG,17,5,750,110,36915,726,0.02031694433157253,0.1498936619077373,0.10971149939049167,50
1598899255,Rifts® for Savage Worlds,8,15,240,70,238005,2677,0.29747274216928216,0.2520052935191952,0,85
1612941899,Xenolanguage: A Game about First Contact,4,55,250,102.5,89705,1126,0.15049328354049385,0.37428302240862626,0.15049328354049385,85
1615232635,Crucible Magazine,14,1,2500,80,69454,884,0.03599504708152158,0.137182408787083,0.03599504708152158,80
1616274779,Cthulhu Dark,9,19.21,8535.21,89.63,80009.97,1722,0,0.22078815460845735,0.023604433297500296,40.97
1626789167,Silent Titans,4,15,70,60,55095,981,0.6352663581087213,0.47121236466039934,0,70
1629589266,Tiny Dungeon 2e - Minimalist fantasy roleplaying is back!,6,13,110,60,48571,1637,0.011323629326141112,0.2837274226677223,0,25
1631893391,IRON KINGDOMS: REQUIEM *5e*,6,10,100,50,469150,5389,0.29244378130661836,0.4446775853832765,0,100
1633313249,The Ultimate Customizable Adventure Notebook for TTRPGs！,9,35.03,359.24,89.04,53997.79,666,0.04657005407073142,0.36318740192035204,0.04657005407073142,85.1
1636787151,Broken Compass - Adventure Role Playing Game,5,33.8,134.05,80.43,50962.94,510,0.43663689732185784,0.3191595727148552,0,134.05
1639044234,Grimmerspace,13,20,1450,80,124685,1878,0,0.17269435326222066,0.03909852829129406,190
1648850656,Ginny Di’s Library of Witticisms,5,1.37,109.85,60.42,70479.14,955,0.1558617202196281,0.5806816282404925,0,79.64
1655261926,Reach of Titan,9,1,250,60,57593,1138,0.08681610612400813,0.2821499900314103,0.08681610612400813,60
1657762617,Altered Carbon: The Role Playing Game,9,25,5000,250,283075,2905,0.017663163472577938,0.2037415331802167,0.4318643469045306,250
1665233817,"HYPERBOREA: Players' Manual, Referee's Screen, and more!",17,1,1999,40,37563,492,0.053217261667065995,0.4073426051185884,0.2112983521018023,90
1666700870,Powered by GURPS: Dungeon Fantasy Monsters 2 & Game Reprint,7,10,200,95,44843,1004,0.026760029436032378,0.20988985634324,0,20
1683396336,Cold Warning - A Call of Cthulhu 7th Edition Adventure,6,10,750,27.5,15560,699,0,0.4003556594920731,0.016066838046272493,30
1687316496,Sig: City of Blades,7,0.75,67.62,18.78,17703.940000000002,620,0.2138913710733317,0.3390666353998728,0,37.56
1690871871,Against the Darkmaster,8,1,390,80,32323,608,0.03619713516690901,0.25923150389445704,0.03619713516690901,85
1694004474,Sickness and Health: New Diseases For Your 5E Game,4,8.78,288.49,62.715,9749.02,482,0.1775501537590445,0.30478053766904534,0.1775501537590445,25.09
1696265492,Venture Maidens Campaign Guide for 5th Edition,6,5,250,72.5,71358,1315,0.08408307407718826,0.2625379364315574,0.2592561450713305,45
1696989756,Monsters of Feyland 2 for 5th Edition,11,0.77,289.74,50.22,16809.16,442,0.017237030285867944,0.1665465701461055,0.017237030285867944,34.77
1698789320,Xenomorphs: The Fall of Somerset Landing Tabletop RPG,8,13.14,394.21,78.84,19999.08,372,0,0.20672795495241925,0,78.84
1699343925,Thousand Year Old Vampire: A Roleplaying Game,6,10,350,30,32740,1409,0.021380574221136223,0.36076206568551245,0.021380574221136223,25
1700186811,CBR+PNK: Augmented,4,8,100,23,42894,1647,0.013987970345502868,0.753719368834759,0,30
1707823139,Knights of the Shadow Realm,8,5,500,51,26093,1034,0.01916222741731499,0.4252508254640039,0.01916222741731499,32
1709101593,Zzarchov's Adventure Omnibus Volume 2,6,0.74,186.22,48.415000000000006,11042.75,139,0.45531593126712094,0.33607518500985883,0,186.22
1710069226,Old-School Essentials: Advanced Fantasy,11,15,370,100,283640,3575,0.032611761387674514,0.16577682267934504,0.032611761387674514,70
1715057111,Xanadu - A Nibiru Roleplaying Game Expansion,6,1.37,546.62,71.745,13415.97,256,0.08148795800825434,0.3305827421356473,0.08148795800825434,41
1716929884,HELLSCAPES: Post Apocalyptic Survival for DnD 5e,5,20,300,100,19220,412,0.031217481789802288,0.23851650368535204,0.031217481789802288,140
1720808564,Moonsoon,8,40,495,107.5,430075,3482,0.27277800383654016,0.17768226457259237,0.38380515026448875,495
1722469645,Black Powder and Brimstone,9,31,752.35,87.91,71703.75,1215,0.010492477729546921,0.30941826139202405,0.010492477729546921,48.12
1725538534,BLADE RUNNER – The Roleplaying Game,5,30.27,223.3,91.23,1366114.97,14163,0.020922397183013083,0.4072180848589868,0,131.87
1726075897,Grimtooth's Trapsylvania (DCC Sourcebook),9,1,500,60,32762,804,0.030523167083816617,0.2069291233948771,0.030523167083816617,40
1727571435,Dark Trails RPG,9,1,140,65,52535,879,0.18121252498334445,0.289240067277523,0,65
1728700161,The Laundry Roleplaying Game,8,5.43,450.5,127.55000000000001,196351.53,1346,0.013766126497715603,0.2885858622229605,0.31360641804013445,157.4
1735075765,2021 Quest Calendar: A Year of Adventure,10,1,500,54,46332,1408,0.010791677458344124,0.203989603497503,0.010791677458344124,44
1735988079,Storied Yarns - A Yarn Quest Knitting RPG,35,2,1000,80,37757,643,0,0.11284919129707582,0.09044680456604073,111
1737288572,Alternity 2017 - A Science Fiction Roleplaying Game,13,1,500,110,55125,699,0.027210884353741496,0.18957601410934746,0.11882086167800454,150
1744558615,Rise of the Drow: After the Fall 🕷️ 5E Adventure & Setting,12,19,888,82.5,85408,1137,0,0.15522870683768625,0,91
1746964170,Designers & Dragons,17,1,625,80,94549,2464,0.01983098710721425,0.2510880953261854,0.01983098710721425,85
1747102975,"The Ultimate Guide to Alchemy, Crafting & Enchanting for 5E",12,5,360,47.5,148805,3016,0.009677094183663183,0.30344352008975106,0.009677094183663183,100
1753031239,The Assorted Magical Items Deck,8,25.38,634.4,66.615,26163.269999999997,667,0.07274320067789691,0.35836865702226633,0.12123866779649488,31.72
1755577102,Champions Now,7,15,200,40,21445,706,0.0373047330380042,0.2839933155467573,0,30
1755692025,The Stygian Library: Remastered,2,12.18,30.44,21.310000000000002,32474.24,1194,0.9204858989771585,0.8536167824772583,0,30.44
1758617049,Dragons Conquer America - RPG Core Book,7,48.06,430.08,122,64843.02,671,0.013265267410432149,0.3064951715168277,0.026530534820864298,158.97
1763142897,Dragon-Blooded: What Fire Has Wrought for Exalted 3rd Ed.,34,5,800,157.5,245700,2042,0.009768009768009768,0.12868273912433453,0.28713878713878715,140
1764024780,Mutated Monsters: Evolve your 5th edition campaign,8,1,300,67.5,64588,1166,0.1718585495757726,0.20507540170325195,0.1718585495757726,45
1766764632,MÖRK BORG CULT: FERETORY,5,6.02,66.87,30.12,47312.520000000004,1754,0.2120051943967474,0.3460754057540014,0,40.16
1766989273,Gods and Goddesses: Redux,14,1,600,21.5,21247,650,0.0564785616792959,0.16926283845212367,0.0564785616792959,40
1774834513,Kids on Bikes RPG - Strange Adventures in Small Towns,5,10,500,35,90920,3027,0.027496700395952485,0.6006589663485873,0.027496700395952485,35
1776485541,The Mimic's Grid: The Adaptable RPG Adventure Tile,8,10,5000,125,95910,730,0,0.21899485212526285,0.17516421645292463,200
1779403263,The Mystery of Witchhaven: A 5e Solo Adventure,6,18.08,180.78,52.06,84326.20999999999,2086,0.16293012575805318,0.17664214963614805,0,25.31
1779944851,Turn: A Tabletop Roleplaying Game,8,1,200,47.5,13266,542,0.015076134479119555,0.27293420875375424,0,25
1780266702,Everyone is John the RPG,4,5,33,15,17081,1446,0.013523798372460628,0.4069949022342332,0,20
1780419538,"Etemenanki, Technofantasy Role Playing Game",11,29.19,350.32,105.1,21957.18,190,0,0.20978452306176543,0,232.38
1782214977,Irongate: Savage Worlds SciFi Expansion for The Last Parsec!,7,1,150,60,24397,518,0.4365290814444399,0.2838097053657925,0,150
1789207776,13th Age Second Edition | Storytelling Action Fantasy Game,15,1.25,1380.19,125.47,289900.64999999997,2501,0,0.2731244966635835,0.24215727008545862,112.92
1789902757,Doppel: Bringing Your RPG Characters to Life,18,98,879,229,141099,1089,0.00622966853060617,0.15909126642374527,0.13609593264303788,98
1796339361,Tome of Beasts 3: Full Throttle 5th Edition Monster Mayhem,12,29,599,54,618332,8758,0.017437234366004025,0.20564493070973952,0.017437234366004025,89
1798179155,Absolute Power – Superhero Role-Playing Game (2-Volume Set),10,1,350,59.5,79842,741,0.07013852358407856,0.24131462179072674,0.07013852358407856,200
1800161044,DEGENESIS: REBIRTH GDR EDIZIONE ITALIANA,4,102.88,154.33,154.33,35032.79,233,0.07929542579965798,0.6434669504363506,0,154.33
1805778307,Lairs & Legends,13,5,1000,140,145775,1114,0.027439547247470417,0.20342306822525663,0.03086949065340422,175
1806207119,"Alien Bestiary for 5E, Starfinder, and Pathfinder RPG",23,20,500,90,35929,592,0,0.10866434828042427,0.029196470817445516,50
1806465974,Call of Cthulhu Sverige,19,5.19,622.95,197.27,74987.1,396,0.04153714438883488,0.1603593155413651,0.3633100893353656,186.88
1808519165,Trinity Continuum: Adventure! Tabletop Roleplaying Game,4,5,225,40,57410,1304,0.01959588921790629,0.6574437709595119,0,55
1810019813,POLARIS RPG,8,1.12,375.95,166.78,71650.16,715,0.020988089907963917,0.2445186524988594,0.020988089907963917,88.13
1810789324,Return of the Lazy Dungeon Master,2,8,13,10.5,72519,6723,0.6716998303892773,0.5589616635114132,0,13
1811766828,Blackstar: Death & Decay Creature Codex,11,1.14,147.97,63.74,20692.7,292,0.14301661938751348,0.21228970185296225,0,128.62
1812034328,MÖRK BORG,6,1.04,124.95,39.045,41187.99,1150,0.19112003280567955,0.3341865255252253,0,26.03
1812072872,Elder Mythos Roleplaying Game,5,16.1,236.06,91.21,91543.2,1264,0.015472039430563932,0.4015899626301864,0,91.21
1814278136,Lost Artifacts of Greyghast - A 5e Magic Item Compendium,7,1,2500,75,41911,849,0,0.38270020200788596,0,75
1814842499,Traveller RPG: The Journal of the Travellers Aid Society,4,1.32,131.77,52.705,61421.61,712,0.5921127759431901,0.4707709791735116,0,131.77
1816612884,They Came from Beneath the Sea! -a tabletop roleplaying game,15,5,750,125,43115,896,0,0.2743291410449836,0.03942943291197959,70
1816818657,Ironsworn: Starforged,5,10,170,40,263228,5380,0.0032291397571686904,0.6629046748069675,0,68
1820674530,Household,3,30,150,60,335790,2890,0.893415527561869,0.8038728705064154,0,150
1825656732,Book of Ebon Tides: 5th Edition enters the Plane of Shadow!,17,24,599,75,180810,2641,0.03975443836071014,0.16417690928341896,0.04691665283999779,78
1828330968,Aventuria Compendium - The Dark Eye RPG,4,40,175,120,43760,460,0.2159506398537477,0.3460341475356691,0,90
1832103406,Worlds Without Number,7,20,330,80,186115,3835,0.04078123740697955,0.3141529745079622,0.055557048061682296,80
1832827316,The Sassoon Files,7,5,2500,90,19267,500,0.12975554056158198,0.4090451967068807,0.15570664867389838,38
1834000141,Deadlands: Abominable Northwest & More - Savage Worlds,8,20,400,40,197530,2015,0.10530046068951551,0.5203279511740665,0.10530046068951551,120
1835677554,Imp of the Perverse: A Jacksonian Gothic American Horror RPG,8,1,200,64,14401,451,0.055551697798763976,0.4344504455667305,0,38
1839549794,Comets & Cockpits - Original 5e Setting,11,5,220,40,28791,745,0.02292383036365531,0.2517089319563835,0,45
1839684496,Campaign Builder: Castles & Crowns for 5th Edition D&D TOV,8,29,549,89,172702,2546,0.02543108939097405,0.22685305587981158,0.02543108939097405,99
1840236983,The Fantasy Trip: Hexagram #5 and Ardonirane,5,15,90,40,36395,715,0.53908503915373,0.3533152872023756,0,90
1844851436,Symbar - Mother of Darkness,9,5.48,328.23,65.21,75634.43,994,0.04773659297756327,0.21705629841577184,0.04773659297756327,76.17
1845631671,Remarkable Shops & Their Wares,12,1.12,279.64,61.519999999999996,110545.90000000001,3180,0.012648139822462883,0.24239607271940142,0.02453731888744856,55.93
1856852949,Top Secret: New World Order - the espionage roleplaying game,7,10,5000,100,102200,1928,0,0.3556652902294339,0.008806262230919765,50
1858195447,"Calidar ""On Wings of Darkness""",6,5,150,22.5,18370,328,0.47359825802939576,0.35494236449158395,0,150
1862475860,Wolfspell,8,1,150,42.5,17814,626,0.04210171775008421,0.3161169402791459,0,30
1864612634,Traveller RPG: The Great Rift & Deep Space Exploration,7,1.29,323.32,129.33,144738.63,1130,0.28369509922817426,0.22202178224801794,0.3819808851306662,193.99
1867241734,Castles & Crusades,10,1,240,114.5,67851,682,0.1308750055268161,0.5126492956314149,0,99
1867803421,Drinking Quest: Liquor Before Honor,7,26.35,123.51,65.87,48163.47,1102,0.03846587465562593,0.22824218897915866,0,45.29
1872505183,Song of Swords: Tabletop Roleplaying Game,14,15,499,99,23271,292,0.06432899316746164,0.15238181885259952,0.11572343259851317,129
1873071798,Terry Pratchett's Discworld RPG: Adventures in Ankh-Morpork,8,1.31,457.08,117.535,2785567.16,17273,0.04102216655943057,0.25837938282163175,0.4443960489539947,391.78
1873713778,Shadows of Kilforth: A Fantasy Quest Game for 1-4 heroes,6,1.33,264.72,67.17500000000001,185686.40000000002,2756,0.009979406138521722,0.46332653001536317,0.009979406138521722,133.02
1874576551,The Codex of Quests,6,25,300,112.5,17375,245,0.08633093525179857,0.23464416955644116,0.08633093525179857,75
1877094825,Monte Cook’s Diamond Throne RPG,4,35.51,165.71,94.695,64285.479999999996,815,0.19590675841574182,0.29838078790609107,0,118.37
1878723476,The Lazy DM's Companion,5,2,75,20,334719,10306,0.559499161983634,0.3908631908308247,0,75
1878744583,Runeway - A Self Discovery Roleplaying Game,7,22.9,572.54,103.06,57835.560000000005,630,0.039597783785615626,0.40911794206346663,0.039597783785615626,103.06
1882083597,The Coins of Wonder - RPG / DnD 5e Enhancing Collector Coins,10,8.47,168.24,100.46000000000001,108921.72,1104,0.2965623385308275,0.24974243646120656,0,162.19
1882952109,Warring Kingdoms - The Dark Eye RPG,8,20,500,145,39640,450,0.025227043390514632,0.36817278819160537,0.025227043390514632,120
1884972597,The Burning Wheel Codex,9,25,500,60,59895,1679,0.008347942232239752,0.353569472848459,0.015026296018031555,50
1897165631,Rifts® for Savage Worlds: Europa,10,20,600,100,126065,1369,0.10946733827787253,0.345522021570681,0.21179550232023162,100
1898298480,Delve – a Guide to Dungeons for 5E & Shadowdark RPG,9,25,500,90,257705,4712,0.009701014726140354,0.15078258108946757,0.009701014726140354,40
1900185281,Changeling: The Lost 2nd Edition,18,5,800,87.5,145270,2486,0.011013973979486473,0.1408700004538137,0.04818613616025332,50
1909023001,Numenera 2: Discovery and Destiny,15,25,5000,170,652330,3450,0.015329664433645548,0.3476370535573367,0.702573850658409,280
1909188084,LexOccultum - Role Playing Game,5,11.16,111.6,66.96,96701.4,1424,0.13271783035199078,0.6468813224434945,0,66.96
1912717573,"Legacy of Mana 5E World Guide, Immersive Map Book & Novel",11,0.78,423.53,49.83,18495.01,310,0.11449845120386525,0.15678282023693924,0.11449845120386525,91.87
1912882038,Midgard Campaign Setting: Dark Roads & Deep Magic,22,19,649,80,167584,1806,0.007745369486347145,0.1278356043336521,0.046687034561772006,145
1915340506,Tainted Grail TTRPG: Life and Death in Avalon,8,10,340,94.5,75258,713,0.22137181429216826,0.3968919867369025,0.2944537457811794,99
1919986003,Cold Shadows - Narrative Espionage Roleplaying,6,10,100,52.5,33935,909,0.2946810078090467,0.19342443232929837,0,100
1922865128,Monsters of the City for 5E RPG,9,15.33,268.24,76.64,26375.35,699,0.040680408032500046,0.1563608311269934,0.040680408032500046,28.36
1928617515,Battlestations: Dirtside!,10,1,299,147,123236,841,0.16741049693271445,0.31266874367235176,0.18924664870654678,145
1932128869,Good Society: An Expanded Acquaintance,15,5.59,199.29,76.92,57099.57,985,0.010470656784280512,0.18082879647613168,0,129.37
1933829714,SLA Industries 2nd Edition: CULT,11,31.71,348.76,164.87,65548.33,640,0.09045112209571167,0.20339594140244324,0.09857733980408044,101.46
1933884879,Fabula Ultima TTJRPG Celebration Edition + Bestiary Vol. I,8,1.17,527.66,126.055,1039299.8099999999,4561,0.007107900847205966,0.5222839503920527,0.8460634376523171,469.03
1936746567,Deviant: The Renegades - a tabletop roleplaying game,11,5,650,125,68715,1625,0.02837808338790657,0.3649173776621406,0.053845594120643235,50
1937274380,Bergin's Book of Beasts - DnD 5e,6,26.03,227.75,78.085,92664.97,1449,0.15729784405045402,0.33141821568272345,0,58.56
1938241465,Fantasy World Creator: Chronicles,5,44.51,199.71,97,165408,974,0.7630629715612304,0.6071074891535241,0,199.71
1938799637,Triumvene: A Narrative-Focused RPG by Pete Watson-Wailes,7,15.97,661.27,195.59,18648.36,500,0,0.3297566720095066,0.02811078293211843,49.23
1944945198,Planegea: The Prehistoric 5th Edition Campaign Setting,5,20,230,60,174070,2485,0.02510484287930143,0.3757188927450837,0,125
1947542270,"THE ONE RING™ Roleplaying Game, Second Edition",5,35.83,240.21,95.94,1417374.21,12446,0.024404451383378847,0.4554525197641426,0,144.03
1949307344,Mutant: Elysium - Roleplaying Humanity's Final Fall,7,1.11,277.2,66.53,92784.39,1472,0.05377628715347484,0.41156591453482816,0.05377628715347484,66.53
1952527145,Thousand Arrows: a Samurai Action & Drama TTRPG,8,10,300,55,24235,1035,0,0.2982293885063679,0,25
1953308526,The Moebius Deck of Wonders - Usable in any TTRPG System,12,8,160,36,17959,704,0,0.1449509783377529,0,38
1956132115,Cthulhu: Lovecraftian Bestiary - 3D Printable Models,9,21.5,161.24,75.24,39281.88,597,0.40636446117141034,0.3230007244729124,0,161.24
1959523962,LIMINAL_,5,0.79,78.66,19.66,20445.81,957,0.007694486058512721,0.8619542906048615,0,23.6
1960197114,Moria™ – Through the Doors of Durin for The One Ring™ RPG,10,22.66,109.45,72.9,632127.46,10104,0.4467152874516795,0.2866368036151675,0,109.45
1961061349,"Faster, Purple Worm! Everybody Dies, Vol. 1",8,25,225,110,202365,3329,0.200133422281521,0.2111220185621972,0,40
1963408813,Chivalry & Sorcery - the Medieval Role Playing Game,7,1.27,95.21,38.09,31205.62,522,0.3051052983404912,0.3417904751197959,0,63.48
1963447663,The Red Dragon Inn - Adventure Is Nigh!,5,1,110,60,168589,2733,0.23228087241753614,0.5641160021268254,0,60
1969659287,Quickstarter: Limitless NPCs Revision (100+ 5E NPCs),4,15,25,25,18835,945,0.0876028670029201,0.2941355880771702,0,15
1970283842,Tyrants & Hellions: A Book of Villains for 5th Edition,10,1,300,57.5,13847,334,0.06499602802050986,0.17143042826422814,0.06499602802050986,50
1974295126,Hellboy: The Roleplaying Game,5,13.13,131.29,98.47,321810.89,4227,0.017134845871747843,0.34676092028506195,0,124.73
1976715752,A Pound of Flesh: Module for Mothership Sci-fi Horror RPG,3,5,45,15,20455,823,0.7193840136885847,0.5763904776694416,0,45
1980443412,The Blood Queen's Defiance,7,20,125,40,29720,746,0,0.20528884211365295,0,40
1980625041,Something Is Wrong Here: A Roleplaying Game,5,2,100,12,22400,1221,0.017857142857142856,0.7715394770408164,0,20
1982182753,Galaxies in Peril: Superhero Roleplaying Forged in the Dark,11,0.71,370.03,63.33,29742.54,750,0,0.36515053795395236,0.010527009461868422,56.22
1982463901,The Complete Curse of Roslof Keep Campaign,9,10,500,175,42881,639,0.023320351670903197,0.19855800097464726,0.023320351670903197,201
1989634883,Putrescence Regnant,4,10,66,37.5,51241,1396,0.432778439140532,0.3495672189199796,0,66
2000189628,Deadlands Lost Colony,5,1,100,35,43142,665,0.6791525659450188,0.5050767938480566,0,100
2005157916,Gary Gygax's World Builders Archive,14,50,950,337.5,203305,770,0.0841100809129141,0.14785432719828795,0.8648336243574924,450
2007792608,The Big Book of Maps (for Tabletop Roleplaying Games),7,1,295,50,22218,944,0.11949770456386713,0.5054281147876644,0.11949770456386713,20
2008734219,Esper Genesis: Heroic Sci-Fi Role-Playing for 5E,16,5,500,85,22445,315,0.022276676319893073,0.19246418102496632,0.10247271107150813,95
2010321018,"Haunted West, a Historical Weird West RPG Corebook",9,20,2500,100,33915,548,0.07371369600471768,0.17701582832905036,0.14742739200943536,55
2013036932,Coyote & Crow the Role Playing Game,9,5,400,60,897515,14910,0.022283750132309765,0.2558665284858442,0.022283750132309765,100
2018441580,Advanced Kinks and Cantrips,4,15,130,62.5,231130,3887,0.40046726950201184,0.34394447222384616,0,80
2025535161,Nordlond Sagas for the Dungeon Fantasy RPG,6,25,330,97.5,16440,301,0,0.5760279583355533,0,60
2025582003,Lasers & Liches - New 5E Sourcebooks,20,1,1000,72,100544,1639,0.02983768300445576,0.21862503036789857,0.08603198599618078,50
2028418019,Masters and Minions: A 5th Edition Supplement,14,5,250,47.5,43275,1207,0.023108030040439053,0.1727702236145778,0.023108030040439053,35
2028896580,Fragged Empire RPG: Expanded.,11,11.17,707.67,52.14,65657.22,1075,0.010778251043830366,0.25221617699492493,0.0323347531314911,119.19
2030438151,Our Haunt by Jamila R. Nedjadi,10,1,1000,80,27051,968,0.03696721008465491,0.3325570342207272,0.03696721008465491,25
2032854813,Kings of War the Roleplaying Game,11,1.23,368.16,85.9,25053.02,473,0.11756187477597511,0.16154553667093072,0.19103804651095954,42.95
2033432418,Prowlers & Paragons Ultimate Edition,11,1,1000,100,34167,469,0.058536014282787485,0.13277204736204817,0.2048760499897562,55
2035657829,Lost Tomb of the Bitchin' Chimera - Dead Milkmen RPG Module,10,1,250,24,44824,1080,0.10597001606282348,0.3558733413303962,0.16174370872746743,100
2037307742,Tiny Cthulhu,5,10,70,25,33665,920,0.4512104559631665,0.32163545424643686,0,70
2037984393,Old-School Essentials Fantasy RPG Box Sets,13,60,350,100,688120,5538,0.02441434633494158,0.21736259709206573,0.02441434633494158,100
2039715193,For the Dungeon!,3,1,16,8,16083,1227,0.7889075421252254,0.6666473171572749,0,16
2045449786,Fearsome Foes and Where to Fight Them,8,1,1000,37.5,28930,1135,0.17283097131005876,0.2090902877835805,0.17283097131005876,25
2048233156,Limitless Encounters vol. 1 Revision (173 5E encounters),8,1,150,45,24302,680,0.04320632046745124,0.18754663705852995,0,20
2050783030,Fractal: Beyond the Void,3,1.16,137.91,91.55,349651.33,3186,0.9292570401491108,0.8682641444389544,0,137.91
2053378096,Grimtooth's Ultimate Traps Collection,10,1,1000,100,161079,2260,0,0.24410106996440986,0.07809832442466119,80
2058762778,"The Veil: Cascade, a post-cyberpunk roleplaying game",12,7.31,219.28,36.91,10412.960000000001,439,0,0.25973783150199614,0,57.01
2061298840,Arcana Academy - A Magic School RPG,4,12,250,52,21373,555,0.12866700977869275,0.3523048117964542,0.12866700977869275,75
2063040180,Broadsword Magazine,12,1,300,52.5,33670,685,0.02673002673002673,0.2149821751306753,0.02673002673002673,144
2064368512,IRON KINGDOMS: BORDERLANDS AND BEYOND,6,10,100,50,279320,3093,0.10883574394959186,0.6620387837002484,0,100
2068309724,Invisible Sun – Return to the Actuality,7,43,917,368,281962,1170,0.03252211290883169,0.30791217409951865,0.24618920280037734,216
2068598935,Zombie World: A Card-Based Tabletop RPG of Zombie Horror,4,25,200,75,50800,1046,0.007874015748031496,0.8307706615413232,0,50
2071397224,Dream Askew // Dream Apart,31,6.26,391.14,156.45,33711.020000000004,1331,0.011602734061443408,0.4627248811641121,0.011602734061443408,29.73
2073111447,Treasure Decks for 5th Edition - Only $12!,10,1,300,46,42685,897,0.03514115028698606,0.5691082409311073,0.03514115028698606,50
2073570528,Stibbles' Codex of Companions,10,25,1000,97.5,337668,6367,0.0059229775992987194,0.19484578539464517,0.13126799104445788,50
2073721952,Knock! Issue one,3,17.78,53.35,29.64,31210.620000000003,1051,0.05469932990757633,0.8352997789403653,0,29.64
2077001694,Arcanis 5E RPG,43,5,300,240,36905,377,0.04877387887820078,0.07453013088802891,0.1913019916000542,75
2080474153,Flash Gordon™ RPG for Savage Worlds,8,1,500,60,94551,1010,0.005288151368044759,0.4247558986705436,0.005288151368044759,175
2081131739,Menagerie of Magic: A collection of Magic items for DnD 5e,8,1.24,618.5,49.480000000000004,234616.06999999998,7354,0.007908665420915116,0.26192138790630337,0.007908665420915116,37.11
2092989754,Avatar Legends: The Roleplaying Game—Voyage of the Unity,5,29,349,99,405114,2626,0.5289523442784007,0.35234181385687696,0.5289523442784007,349
2096042826,Satzija's Tome of Hags - A Witchcraft Compendium,13,16.07,535.71,85.71,72159.76,1523,0.014847887520690203,0.1257834350864793,0.014847887520690203,53.57
2096216523,Voidheart Symphony,8,12.62,252.34,50.47,24875.49,535,0.060864730704802195,0.2659713154894423,0.060864730704802195,56.78
2099111893,Beasts of the Dissonance - 5e,11,10,150,45,33500,715,0.022388059701492536,0.1724366228558699,0,70
2100634744,DCC Annual (and other forbidden tomes),16,1,300,45,104013,1489,0.12979146837414554,0.20100329143217557,0.12979146837414554,150
2116365475,The Decks of Adventurer's Allurement - 5E Class Magic Items,14,1,2500,60,44052,550,0.05675111232180151,0.23354740164148477,0.05675111232180151,210
2118138397,The ADOM (Ancient Domains Of Mystery) Roleplaying Game,18,1.15,9748.82,63.084999999999994,27066.35,552,0,0.15857900740594366,0.24365272746417604,57.35
2121801688,Southlands: New Fantasy Options for Pathfinder RPG,26,5,5005,98,88497,1006,0,0.15949280171627261,0.10209385628891375,125
2122048944,Vulcania - Beyond the Storm TTRPG,10,33.12,198.7,104.485,22812.38,208,0.06097127962974489,0.235650691919687,0,192.99
2129150343,Legacy: Life Among the Ruins 2nd Edition,12,1.3,520.5,74.82,57967.479999999996,1543,0,0.29092767869334296,0.02693751738043469,39.04
2131903166,Liminal RPG,14,2.8,168.02,77.01,33116.33,835,0.02029451935042319,0.23316574609130797,0,70.01
2132901401,The Scourge of the Scorn Lords,18,1,250,95,18592,347,0,0.17800511310363165,0,115
2133896200,Fighting Fantasy - Solo Adventure Gamebooks - Back In Print!,4,1,60,37.5,196049,3532,0.976898632484736,0.9545864679342413,0,60
2135806060,"Beak, Feather, & Bone: A Map-Labeling RPG",2,5,10,7.5,12895,1560,0.7902287708414114,0.6684654788482329,0,10
2142545068,The Streets of Port Noir: A 5e Solo Adventure Investigation,7,18.56,194.15,47.11,55396,1459,0.13668586179507547,0.15721994022044686,0,27.84
2147160025,Player's Guide 2: New Power for 5E and TOV Players,6,29,189,84,174083,2647,0.006514134062487434,0.32950799551053944,0,59
