id,name,pledged,tier_rev,rev_cov
1069659,"Alas for the Awful Sea: Myth, Mystery & Crime in 1800s UK",23396.22133072,17443.39,0.7455644120230758
1686361,Cat's Cradle: A Fantasy Town for 5e and Other RPG Systems,37801,30333,0.8024390889129918
10791117,Tachyon Squadron (Fate Core RPG),25295,17848,0.7055939909072939
17763060,Space: 1889 - the Mars sourcebook,33962.57206966,29135.15,0.8578605277669029
19327102,Trudvang: Seed of Vanirs,148886.0993484315,89382.07,0.6003385835961967
22332279,World of Revilo Campaign Setting & Bestiary for 5E DND.,33134,31881,0.9621838594796885
22451171,"Faerie Fire, a 5e supplemental",65494.8,36565,0.5582885969573157
31978058,The Thundercats Roleplaying Game is Here!,321939,211095,0.6556987503843896
40736229,Age of Antiquity: An Ancient World Setting for 5E.,163105.5,110005,0.6744407760621193
53568325,Wicked Ones,38465.48023065,38368,0.9974657737258061
59430470,Sandy Petersen's Cthulhu Mythos for 5e,231279.88,222498,0.9620292089394028
60275424,Trilemma Adventures: The Servants of Memory,23531.3389008154,12588.28,0.5349580851756717
63683551,The Wildsea RPG,135840,85905,0.632398409893993
65171718,Arium RPG,23629,12368,0.523424605357823
69845919,Hundreds of New Monsters for Shadowdark RPG!,312229,198806,0.6367313734470533
69850494,The Hero's Journey 2e,27738,22125,0.7976422236642873
75749337,Kamigakari: God Hunters - Modern Action Anime Roleplaying,79485,69297,0.871824872617475
77475146,Wandering Monster Decks for 5E and Pathfinder! Only $12!,35322,33146,0.9383953343525282
79428668,The Dark Moon Rises,261262.86628632,192170.48,0.7355445598970001
83121044,ACUTE PARANOIA: A box full of treason and summary executions,91370.99920305,88289.98,0.966280119185266
83585739,Never Going Home: World War Occult Role Playing,33188,31810,0.9584789683017958
88939782,Lairs & Legends 3: The Definitive 5e Game Master Collection,208681,125860,0.603121510822739
91199422,The Chronicles of Future Earth Roleplaying Game,29725.118409425,29285.37,0.985206167949677
91289943,Your Best Game Ever!,581673,492945,0.8474606866744717
100173367,"Deluxe RPG ""Handbrain"" Screen",37522,21512,0.5733169873674111
100177985,Heart: The City Beneath RPG,124224.31524996,90545.15,0.7288842753353728
101591223,Capharnaum - The Roleplaying Game,30953.503450625,30434.07,0.983218912474526
102655111,Heroic Challenges - Roleplaying Cards for Players and GMs,46984.61996512,46886.79,0.9979178300219811
103372532,Advanced Player's Guide 2 and Bestiary 2,154135,134355,0.8716709378142538
104652025,For Coin & Blood: Second Edition,20176,14860,0.7365186360031721
106972727,Seeds of Wars: RPG Realm Management,35082.7341431,32658.980000000003,0.9309131912805405
110885957,Total Party Kill Bestiary: 5E Monsters for Veteran Heroes,19776,17252,0.8723705501618123
116574740,Izirion's Enchiridion of the West Marches,28601,23275,0.8137827348694101
117957031,Traveller RPG: Element Class Cruisers Box Set,61297.23313836,54488.43,0.8889215256585695
120834240,Rōnin: Densetsu,187426.60032124,105926.75,0.5651639085297752
124987664,Shadows of Esteren RPG: Dark Romanticism,136333,98980,0.7260164450279829
138222945,Thirsty Sword Lesbians,298568,182057,0.6097672891937516
140744503,Rise of the Demigods,45707,39600,0.8663880806003457
141214470,The Smurfs: Roleplaying Game,137375,124951,0.9095614194722474
142056623,Widdershins: the Roleplaying Game - FUNDED IN FOUR HOURS!,39185,38357,0.9788694653566415
144514647,Adventure Kit: Shadows Over Driftchapel - 5E Compatible,31505.45,23016,0.7305402716038019
147730904,A Christmas Carol Adventure,26687,18260,0.684228275939596
147748820,Heroes of Might and Magic TTRPG,236221.14137895,186623.73,0.7900382197400995
157189593,Tales from the Gods,25722.28986544,19088.48,0.7420987828010963
162898685,Ultimate Kingdoms for DnD 5E or PFRPG,71163,59459,0.835532509871703
164422068,Tales from the Loop - Roleplaying in the '80s That Never Was,406297.71062496,254885.3,0.6273362938913436
169124555,Fear Agent™ for Savage Worlds,32979,27500,0.8338639740440886
178404838,The Combat Compendium - A Dungeon Master's tool,31804.20720378,22621.38,0.711270048489415
180344357,5th Edition Players Guide to Aihrde,29582,24845,0.839868839158948
185636955,Epic Legacy Core Rulebook - 5th Edition Beyond 20th Level,23324,23228,0.9958840679128794
186851036,Fate of Cthulhu,93894,67749,0.7215477027286089
188981187,Wickedness,25520,18254,0.71528213166144206
194038714,A Strange Box,162819,157180,0.9653664498615027
195169980,Quest: Fantastic Characters and Wondrous Treasures,53473,37270,0.6969872646008266
207235984,Part-Time Gods Second Edition -- Tabletop RPG,33490,28885,0.86249626754255
207976437,"Eldamon! Befriend, Train, Battle, & Evolve in DnD 5E & PF2e",237080,145854,0.6152100556774085
209915152,Legendlore RPG Setting for 5th Edition Fantasy Roleplaying,25092,20325,0.8100191296030608
212538961,SIN: A Spire RPG Sourcebook,128192.9042082,71636.76,0.5588200099098596
213977892,Roleplaying Spell Effects 2.0 - Cheaper and Pre-Cut,46107,34395,0.745982171904483
215582290,Beyond the Woods: Open World Exploration and Survival for 5e,226165.82132917,166818.28,0.7375927937281318
218957478,Spheres of Might: A New Pathfinder Martial System,27620,23184,0.8393917451122375
220682271,Mutant Chronicles 3rd Ed. RPG,249255.316697068,149992.85,0.6017638940969654
221664601,Adventures in Teaching and Learning with TTRPGs:,81493,64185,0.7876136600689629
223582974,Good Society: A Jane Austen Roleplaying Game,123765.4129220992,96815.98,0.7822539246965402
226200089,Aizendore's Vault of Tragic Treasure - Magic Items for 5e,110538.0135989754,86211.79000000001,0.7799288877468947
226626560,Odd Jobs,51698.5287448,39901.42,0.7718095846975801
227616328,Soldier Lune – A Magical Girl Tabletop Role-Playing Game,71968,51230,0.7118441529568698
228757397,Battlezoo Ancestries: Living Legends for Pathfinder and 5E,123082,81237,0.6600233990347898
231163492,Robert E. Howard's Conan Roleplaying Game,634208.728026822,583281.34,0.9196993264579163
233425101,The Folio: Storyteller's Arcana 1E & 5E gaming supplement,20844,18175,0.871953559777394
237602901,Demon City: The Ultimate Horror RPG,74183,67030,0.9035762910639904
238691247,Nordlond Bestiary and Enemies Book,52223,40031,0.766539647281849
240140839,World of Darkness Dark Eras Prestige Edition,128290.87,107044,0.8343851748764352
242036174,"The Veil: Inheritance, a biopunk tabletop roleplaying game",27805.2067185722,20400.11,0.7336794941493443
249641940,TROIKA! RPG: Numinous Edition,22729.33332342,19830.01,0.8724413390324749
252078043,World Wide Wrestling: Second Edition,55886,44468,0.7956912285724511
257145215,Spheres of Might and Power; 5th edition D&D Supplements,40428,36790,0.910012862372613
259723232,Project Infinite Hole: An R&D Sourcebox for the Paranoia RPG,91134.13662056,87137.75,0.9561483021757358
260164916,Rise of the Ice Dragons Trilogy: Three RPG Adventures for 5e,35777.14499745,35625.31,0.9957560896080214
263400061,The Ruinous Palace of the Metegorgos,20559.71787276,12665.28,0.6160240173713908
272459382,Apothecaria - A Solo Journalling RPG [Zinequest 3],26190.335627575,22946.62,0.8761483749692848
284330172,Total Party Kill Handbook Volume 2: 5th Edition Encounters,26226,23717,0.9043315793487379
284826702,Inferno - Dante's Guide to Hell for 5e,491058.9509112,360539.99,0.7342091806513018
285318672,The Star on the Shore - A Call of Cthulhu RPG Module,34633.01,29005,0.8374957879780013
286047018,Monsters of the Wilderness for 5th Edition,43414.0180764834,25762.46,0.593413398285635
287394440,Alchemy & Poisoncraft: A module & an adventure for 5e,48512.50868109,35335.28,0.7283746184367819
287614458,A Dead Man's Guide to Dragongrin: 5E Campaign Setting Guide,59440,50322,0.8466016150740242
288262956,ZAMANORA: Ballad of the Witch,316168.94816505,196467.44999999998,0.6214002075163874
289026681,Golden Sky Stories: Twilight Tales,23876,19894,0.8332216451666946
291139367,Hudson & Brand: Shadows of the Past,34261.78750562,27555.79,0.8042718143494408
294405663,Nights of Payne Town: a new story arc for City of Mist RPG!,182969.8,136452,0.7457624154368645
296599506,Trinity Continuum: Aberrant,125098,82825,0.6620809285520152
306530231,Remarkable Inns & Their Drinks - The Ultimate GM's Guide,22167.80828646,21189.37,0.9558622000959099
310423733,Dungeon Notes,101647,67762,0.6666404320835834
325317511,Sly Flourish's Fantastic Adventures for 5e,28973,28760,0.9926483277534256
326699241,Legendary Adventures: Epic D&D 5E,25736,14214,0.5523002797637551
327202988,The Deluge: Northern War 1655-1660,94681.714673553,62527.950000000004,0.6604015380962006
328875743,Overlight RPG: A roleplaying game of kaleidoscopic fantasy,50667,40302,0.7954289774409379
329454592,"Greg Stolze's Reign, Second Edition",88529,83298,0.9409120175309785
336368382,TRINITY CONTINUUM: AEON RPG,184515,170960,0.9265371379020676
337693015,The Savage World of Solomon Kane RPG,166244.32390728,121530.71999999999,0.7310368086177891
341537092,WarQuest 5th player expansion - The Experienced units arrive,20032,11851,0.5916034345047924
341742943,I Guess This Is It,31389,17664,0.5627449106374844
345226938,Adventure Omnibus,24434,24291,0.9941474993861014
349116542,Earthdawn 4th Edition - The Adept's Journey: Mystic Paths,50277,37936,0.7545398492352368
349472500,Earthdawn 4th Edition,109596,50507,0.46084711120843824
352288129,Amazing Adventures 5E RPG,50876.93,34866,0.6853007836754301
355494288,Pocket Companion: A guide to Cities and Towns,32227.10459836,24427.69,0.7579858725888485
357437209,Numenera Discovery & Destiny Edizione Italiana,21569.04563688,19151.46,0.8879141118443241
360289914,Outbreak: Undead 2E - The Survival Horror Simulation RPG.,59295,57815,0.9750400539674509
362001069,Feng Shui 2: Action Movie Roleplaying Game by Robin D. Laws,185137.64,113859,0.6149964966605386
362016602,The Fartherall Companion: Deluxe Edition,48358.8,35819,0.7406924903016617
365943468,Fallen London: The Roleplaying Game,1094427,686192,0.6269874555360934
366725711,Magwa's Magic Item Compendium: Hardcover,25584,25380,0.9920262664165104
366886401,Odyssey of the Dragonlords: Remastered Edition,279919,247458,0.8840343099253712
371040605,Invisible Sun,664274.76,607141,0.9139907709273795
376596708,Trudvang Adventures - for 5E,197290.8504417823,124086.41,0.628951670704142
386095974,Blue Rose: The AGE Roleplaying Game of Romantic Fantasy,85850.01,78227,0.9112054850080973
386406153,Bestiary Vol #3 - 3D Printable Models,44231.23723249,25876.19,0.5850207142971953
386764160,"Bucket of Bolts, a solo RPG zine",99893.160322865,60350.64,0.604151873911492
387599105,i'm sorry did you say street magic,21379,18570,0.8686093830394312
391020392,Adventure Builder,24756,22822,0.9218775246404912
393972563,Tome of Alchemy: Magic Item and Potion Creation for 5e,68318,67717,0.9912029040662783
395502599,Wearing the Cape: The Roleplaying Game,53854,35929,0.6671556430348721
400116732,The Wild Hunt for Call of Cthulhu,19868.40163919,16489.02,0.829911751304431
400954173,The BOLT RPG Engine,23193,19497,0.8406415728883715
402584422,Bedlam Hall - A Macabre Victorian Role-Playing Game,23182,20175,0.8702872918643776
403963521,The 7th Edition Guide to Cthulhu Invictus,43100.5,30774,0.7140056379856382
407828944,Mothership Sci-Fi Horror RPG 1st Edition Boxed Set,1405569.16,1290202,0.9179213920715221
412970632,Cults of the Blood Gods for Vampire: The Masquerade 5th Ed.,150391,103355,0.6872419227214395
418937843,Pathfinder for Savage Worlds,411355,324949,0.7899478552588397
420721531,MAIN GAUCHE chaos supplement for ZWEIHÄNDER Grim & Perilous,75171,49156,0.653922390283487
427331348,Psionics Guide for Starfinder RPG from Dreamscarred Press,30838,27585,0.8945132628575134
428084629,Twisting Catacombs . Litchmyre Dungeon,109996.177522305,81468.58,0.7406491919546915
431864924,Dungeon Crawl Classics Scratch-Off Character Sheets,26296,20791,0.7906525707331914
433436093,"Damn the Man, Save the Music!",19313,16600,0.8595246725003883
436308838,Gods and Goddesses: a 5th Edition Supplement,32242,26325,0.8164816078407047
437414465,Cthulhu Britannica: London -  Call of Cthulhu RPG boxed set,144796.472604864,95211.04,0.6575508248727993
442539871,BESM Extras – Fourth Edition RPG Expansions,57596,39340,0.6830335439961108
445774756,Creatures: Complete Monster Compendium 2 for 5E,383349,345325,0.9008110103326212
447196929,Drinking Quest: Old Habits,32586.755693872,28613.1,0.8780591805087471
451993777,The Pioneer RPG: Explore the Solar System,136300.86706176,84073.64,0.6168239557999654
452512093,"The Idol of Cthulhu, a scenario & props for Call of Cthulhu",22094.18810224,19367.690000000002,0.8765965922973392
452642056,Caster Compendium,66868.470926244,53367.85,0.7981018447223774
453807431,THE PHYLACTERY 4 and THE PHYLACTERY OMNIBUS,28854,18118,0.6279198724613572
454195859,Primeval Thule,75232.5,68305,0.9079187850995248
458610231,Numenera: A new roleplaying game from Monte Cook,517255.84,394805,0.7632683277196058
459004279,GODS - The dark fantasy RPG,69846.21615664,69569.3,0.9960353449066021
459283824,The Goon™ for Savage Worlds,34692,28350,0.8171912832929782
468387422,Secrets of Magic: Lore & Magic Toolbox for 5E and Fateforge,125751,99360,0.7901328816470644
471004282,The Real Thing RPG,68348.66,35525,0.5197614700858803
471896355,Old Gods of Appalachia Roleplaying Game,2097820.66,1376990,0.6563907135894066
472688951,Middarmark,44891.66,32494,0.7238315535669654
481456403,DCC RPG: Fred Saberhagen's Empire of the East,32655,30112,0.9221252488133517
489324336,RPG - Castles & Crusades Monsters & Treasures,28067.99,24549,0.87462622011765
492747462,Ruin Masters,66731.5422994514,47116.880000000005,0.706066102721971
493433619,An Inner Darkness - For 7th Edition Call of Cthulhu,30197,18315,0.6065172036957314
502160252,7th Sea: Khitai,207646,156555,0.7539514365795633
505885200,Mutant: Mechatron - Rise of the Robots Roleplaying,132355.02359646,106225.2,0.8025777723698062
515294080,"Eclipse Phase, Second Edition RPG",187307,182185,0.9726545190516105
515360362,Nightmare Over Ragged Hollow,76434.02966517,54432.75,0.7121533463360534
518211075,John Carter of Mars - The Roleplaying Game,309229.0946625032,182940.13,0.5916006390008783
518795559,How to Write Adventure Modules That Don't Suck,125456.75,106684,0.8503647671408673
518899010,Sunken Isles | 5e Adventure Campaign & Rules Supplement,506465,355480,0.7018846317119642
522276836,THE SECRET WORLD PRINT EDITION FOR SAVAGE WORLDS,80055,66925,0.835987758416089
523178634,Wolves of God: Adventures in Dark Ages England,58982,40340,0.6839374724492218
527058881,The Citadel at Norðvorn,26030,22092,0.8487130234344986
544383539,The Children of Eriu,24094.2124986591,22433.12,0.9310584440661198
544551332,Ultimate Bestiary: The Dreaded Accursed for 5th Edition!,170073,167694,0.9860118890123653
549300341,7th Sea 3rd Edition,456452.36060112,353109.79000000004,0.7735961525863858
555279400,Surviving Strangehollow: Hand-painted 5E by a Legendary Team,116299,77530,0.6666437372634331
557160512,Into the Odd Remastered,153427.776757509,115495.13,0.7527654538235201
558229560,The Morra Cinematic Game System,36048,13662,0.3789946737683089
558887718,Quests of Doom 4,29518,28544,0.9670031844975947
559049448,Manifest the RPG,30070.69,18890,0.6281864499949952
561091099,Acheron: A Grimpunk tabletop RPG,41019,30095,0.7336843901606572
565452076,Shinobigami - Modern Ninja Battle Tabletop RPG from Japan,87868,75713,0.8616675012518779
568075327,"CAVALIERS OF MARS, a tabletop roleplaying game.",38388,27795,0.7240543919974992
568259137,Visigoths vs Mall Goths (game & weird 90s mall setting),21393,14915,0.6971906698452764
573580999,Agon,63915,52240,0.8173355237424704
584013973,Bitter Chalice: a map-based Soulslike TTRPG,78168.4678242,69694.89,0.8915985171507138
591415993,"Judges Guild Deluxe: Dark Tower, Caverns of Thracia, & More",84612,63488,0.7503427409823665
591563271,Seekers Beyond The Shroud,23107,14713,0.6367334573938633
601005746,The Devil's Bridge: A 5th Edition Slavic Adventure,27268.7957131174,26647.469999999998,0.977214772531428
604514297,Dungeons of Drakkenheim: Daggerheart,509325,425200,0.8348304128012566
607364375,Realm Fables: TTRPG World Generator & Preformed Settings,30567.0923775,16579.13,0.5423849215113329
610638383,The Gaia Complex: A Game of Flesh and Wires - Hardware 2119,19150.98554856,14333.5,0.7484471210975231
619718556,TPK Bestiary - Vol. 2 for 5th Edition,57288,57076,0.996299399525206
624204713,Mercenaries Spies & Private Eyes RPG by Michael Stackpole,31904.99,24619,0.771634781894619
624583950,"Monsters! Monsters rpg &""Toughest Dungeon in the World"" solo",37065.13,33310,0.8986883359103287
624930796,"Lankhmar Savage Seas of Nehwon, a Fantasy RPG",25835,25006,0.9679117476291852
625447476,Monster Hunter International RPG: Savage Worlds Edition,122985,102223,0.8311826645525877
626308581,In Other Waters: Tidebreak,69970,49520,0.7077318850936115
626598507,Monarchies of Mau Fantasy Tabletop RPG,118534,84370,0.7117788988813336
626657280,Forest Kingdom Campaign Compendium for Pathfinder and 5E,40730,33850,0.8310827399950896
628435005,Swordfish Islands: Hexcrawl Adventures on Hot Springs Island,29695,23095,0.7777403603300219
630633095,The Monster Hunters' Club RPG for Savage Worlds,19407,19169,0.9877363837790488
630656171,Monsters of Drakkenheim - 5E Monsters with Lore Lairs & Loot,1065710,637630,0.59831473853112
631899736,World of Aetaltis - RPG Campaign Setting for 5E,36346,35565,0.9785120783580036
637189433,Fall of Magic – a role playing game of profound fantasy,75136.66,60960,0.8113216637524212
644146134,Children of the Beast,27111,21720,0.8011508243886245
646409113,Spectacular Settlements for 5th Edition!,102670.26,100989,0.9836246640458494
646523073,Shadowdark RPG: The Western Reaches Setting,3148567,1981599,0.6293653589077189
647709891,Iskløft - Grim Viking 5E Campaign Setting,25843.9036140927,17668.05,0.6836447877156452
647740666,Tome of Beasts: 400+ New Monsters for 5th Edition,191431,175117,0.9147786931061322
649486549,Grim Hollow: Transformed,1040544,837575,0.8049395316296091
654737500,"Aquilae: Bestiary of the Realm (Dark Obelisk, Pathfinder/5E)",25210,21608,0.8571201904006347
658806019,Blood Drive: A Deadlands Booster Campaign,64106,63690,0.9935107478239167
666763798,Adventures & Academia: First Class,110235.11838535,92376.90000000001,0.8379988278969064
667580300,Ordinary Towns: Small Settlements for Any Campaign,40165,39600,0.98593302626665
669664143,The Cthulhu Alphabet,31182,27039,0.8671348855108717
670172781,Zairoo: The Pan-African Fantasy Role Playing Game,112376,62050,0.5521641631665124
673462679,Mysthea: Legends From the Borderlands,45391.50821244,40413.19,0.8903248997777157
674821442,Odyssey of the Dragonlords: 5th Edition Adventure Book,456332,298502,0.6541333941077987
678920480,The City of Great Lunden,21543.62145474,15898.150000000001,0.7379516036057211
680310506,Apocalypse World 2nd Edition,149681,119298,0.7970149852018626
684858889,"The Book of Dungeon Encounters, for use with Fantasy RPGs",21694.25,14414,0.6644156861841272
694646968,Tabletop RPG Adventure Boxes for Immersive Gameplay,68344.7072156982,39121.59,0.5724157962449227
694793420,City of Brass: Epic Adventure for 5e and Swords and Wizardry,70247,67375,0.9591156917733141
698007977,Beam Saber - #RecognizeKSRU,63923.2374244782,52964.94,0.828570988172731
700637793,Things from the Flood - Sequel to Tales from the Loop RPG,469933.06672403,364973.51999999996,0.7766500079347088
701261991,Velvet Generation,20103,16620,0.826742277272049
706682640,Desolation of Time: A Grim Adventure and Grimoire for 5E+,70188,50517,0.7197384168233886
712085343,On Downtime and Demesnes,22768.5,22662,0.9953224850121879
713357973,The Dark Eye - Magic of Aventuria,44549.09748025,40970.409999999996,0.9196686872986249
713900276,Empyrean Investigations: Detective Adventures for D&D 5E,20150,14635,0.726302729528536
716072316,Barrowmaze: HighFell - The Drifting Dungeon,20694.5487571707,20669.670000000002,0.9987978110823953
718450083,Fantasy World Creator + APP: Modular tiles for TABLETOP RPG,91662.420355,87787.26999999999,0.9577236741077542
727221028,Monsters & More! A Nimble TTRPG Reprint & Expansion,1105407,604598,0.5469460569726806
734955192,CATaclysm: the RPG of Feline Proportions,28817.40612331,26676.68,0.9257141286710605
735929844,Ebonclad: A 5E DnD Thieves' Guild Setting + 7 New Adventures,32876,31227,0.9498418299063146
739088516,The Deck of Stories and NPC Cards,171484.89,170384,0.9935802507148005
739731842,CHEW: The Roleplaying Game (TTRPG),52734,46489,0.8815754541661925
740073300,GHOST IN THE SHELL ARISE - Tabletop Roleplaying Game,513582.89581016,461063.19000000006,0.8977386002559298
742525199,Western - the Roleplaying Game,86446.3089477,72777.09,0.8418761990639776
745641891,Secrets of the Nethercity,26252,24155,0.9201203717811977
753544956,5th Evolution: New Genres for Your 5E Game!,25589,21820,0.8527101488921021
759172140,GrymmWorld - A 5th Edition Fairy-Tale Setting by Grant Ellis,33715,33513,0.9940086015126798
759188489,Dolmenwood Tabletop RPG,1389313.29,1181030,0.8500818415117875
764242494,Dusk City Outlaws,154155,96985,0.629139502448834
765991952,"ORUN: Post-Apotheosis, Afro-Centric, Space Opera RPG",34501,34280,0.9935943885684473
767018438,A Time for Sacrifice: A Call of Cthulhu Adventure,36286,34750,0.9576696246486248
767741024,Perilous Vistas: Two New Environment Books for Pathfinder,22247,18496,0.8313929968085585
770262509,Book of Spirits: An Ethereal Supplement for 5E,224142,145115,0.6474244006031891
772982289,Over Arms,40684,40510,0.9957231344017304
777039839,Arkadia: The Mythic Greek Setting for 5e,48355,42340,0.8756074862992451
804672688,Carbon 2185 | A Cyberpunk RPG | Terminal Overdrive,237073.68177986,121205.56,0.5112569184821961
809198267,HYPERBOREA: Otherworldly Tales,21100,20475,0.9703791469194313
810452722,Tavern Tales: A 5e DnD Supplement,34319,27265,0.7944578804743728
810800705,Fantasy World Creator,159082.5055305066,145377.52,0.9138498260081875
816186930,Desert Moon of Karth,21921,14002,0.638748232288673
816378530,Windheim Falling,70286.8075938,57576.55,0.8191658146254864
819291103,Fateforge: a 5th Edition Roleplaying Game,125877,89560,0.7114881987972386
824023340,Fragged RPG | Regions.,44893.406550574,39476.560000000005,0.8793398192121659
825778086,Diceborn Heroes: A Co-op Dice Adventure Game,109022.65193262,86541.75,0.793796045738146
833888729,The Lost Lands - Grand Duchy of Reme,52807,45835,0.8679720491601493
834529356,Fantastic Lairs: Boss Battles & Final Encounters for 5e D&D,69387,53595,0.7724069350166458
840121834,Ghost Hunters for World of Darkness 20th Anniversary,72816,42360,0.5817402768622281
841272918,Devil's Swamp - A Call of Cthulhu RPG Adventure,23936,15936,0.6657754010695187
846624810,The Heart of Chentoufi: Adventure in Luke Gygax's Okkorim,31062,19548,0.6293220011589724
853120791,A Touch More Class: 9 New 5th Edition Classes,119041.83086341,87724.59,0.736922385717137
854102932,BEOWULF: Age of Heroes,49759.513951385,30123.97,0.6053911625710632
855479677,Valhal - Enter the golden Gates,26697.29847737,21726.8,0.8138201705470967
855827545,Crown of the Oathbreaker,53683,39435,0.7345900936981913
857268609,Before All Others,146249,91716,0.6271222367332426
859243429,The Forest Hymn & Picnic,29664,29414,0.9915722761596548
863357637,Zargoth's Tome of Familiars for 5e,34314,21860,0.6370577606807717
870181154,DNGN: Weird-Fantasy Megadungeon Zine,21757,12740,0.5855586707726249
870999013,The Koryo Hall of Adventures 5e Compatible Campaign Setting,53167.434753,28466.77,0.5354174060164478
873106746,COLOSTLE - A solo RPG - make100,60614.07820468,24422.85,0.4029237220688166
874615245,Pirate Campaign Compendium for 5E and Pathfinder RPG,42070,34250,0.8141193249346328
875888535,Legends of Avallen: a Celtic-Roman TTRPG,29678.5997586,22708.75,0.7651557076381159
876663429,Dungeon Master's Little Black Book,25707.215830864,18297.02,0.7117464652874879
877781862,"Into the Unknown: A Solo Campaign for 5e, B/X, and S&W!",36840,36585,0.9930781758957655
878356662,Level Up: Advanced 5th Edition,949949.98933716,618758.89,0.6513594367549255
882744766,Flames of Freedom: powered by Zweihander RPG,68769,52935,0.7697509052043798
883363094,Pasión de las Pasiones,50332,27895,0.554219979337201
883395688,"Fear's Sharp Little Needles, adventures for Call of Cthulhu.",46722.737876960004,40387.51,0.8644080341857697
885428476,DarkSpace - Sci-Fi Rules for Shadowdark,102514,70461,0.6873305109546013
888721245,"Stalingrad: Inferno on the Volga. WW2 solo, 2, 3 player game",74291.97998721,55362.259999999995,0.7451983378223475
892481513,"Codex RPG Zine, Volume 1 Hardcover",30980,30645,0.9891865719819238
898027743,Into the Wyrd and Wild,59284,47635,0.803505161595034
901379798,Archetype Anthology: A Dozen Subclasses for D&D 5th Edition,19273.2514536,11486.17,0.5959643097923951
906155904,"Brancalonia 5E: Complete Knave, Grand Theft Market & Saints",234262.67853198,175612.97999999998,0.7496413047971978
908301126,Heroic Fantasy & Barbarian Conquerors Collection,30611,27027,0.8829179053281501
911037737,Satanic Panic,30469,26523,0.8704913190455873
911432658,Shield Maidens: A New Viking/Cyberpunk Tabletop RPG,77292.407997225,47255.579999999994,0.6113870847664183
914370670,Ghoul Island,72008.79,61675,0.8564926587434674
915311269,Out of the Ashes,28784.63954256,22057.199999999997,0.7662836968094376
920339500,UnFamiliar: Release The Tiny Beasts,55608,26224,0.47158682203999425
929234461,Deep Carbon Observatory Remastered,51728.0666535,51603.7,0.997595760647057
934208326,Noir World,32364,27457,0.8483809170683475
937868037,Secret Dragons: Epic New Playable Dragons for 5E and PF2,221827,153966,0.6940814238122501
938049399,Enthralling Adventures and Incredible World for 5th Edition!,134180,98329,0.7328141302727679
952889261,BRANCALONIA - THE SPAGHETTI FANTASY RPG,206909.97637074,160375.76,0.7750992137403743
953664408,Traveller RPG: The Deepnight Revelation Campaign Box Set,143684.0043092619,89262.39,0.6212409685344922
958997912,Cartel: A Mexican Narcofiction Tabletop Roleplaying Game,56244,55100,0.9796600526278358
959873660,Dice Bites:Collection of Molds for RPG-Dice Treats & Crafts.,175312,101733,0.5802968422013325
959884646,Delta Green: The Labyrinth,156293,82798,0.5297614096600616
962026189,Questlandia RPG - Updated and expanded,21039,12535,0.5957982793859024
966560463,Endless Realms RPG,35261.950967829,28600.62,0.8110901188108843
966991044,Project: Dark,75045.13,68359,0.9109052113041846
967142965,"ORBITAL, a space station RPG zine",28662.3871443,20583.56,0.7181383705541564
980688609,Rise of the Drow: Collector's Edition for D&D 5E or PFRPG,212825.01,149836,0.7040337975315965
981504825,Lunars: Fangs at the Gate for Exalted 3rd Ed.,288526,241910,0.8384339712885494
981892671,The Goblings: A Whimsical Adventure for 5th Edition,51643.42659498,30642.94,0.5933560574963599
982134036,Blackstorm Realms: A 5th Edition Setting,111128,66895,0.6019635015477648
982559626,Crystal Heart - a colourful setting for Savage Worlds,33092.72432662,26583.62,0.8033070876130909
986359709,"Mythic Mint: Fantasy, D&D, RPG and LARP Coins",31238.50245645,22482.32,0.7196990326710728
991176262,Cairo:Otherscape & Neuro:Otherscape - Mythic Cyberpunk RPG,303202,264458,0.8722172017334978
994025266,Commissioned: The Call,46953,26321,0.5605818584541988
997447334,Deimos Academy,21699,19049,0.877874556431172
1002939824,SINS - The Roleplaying Game,37972.17423076,32228.74,0.8487462372879498
1007506307,Temeraire: The Roleplaying Game,523096,326063,0.6233330019728692
1008570694,Lone Wolf—Adventures in Magnamund,147528.88533978,98654.90000000001,0.6687158231608932
1013378690,AFFINITY: Three sci-fi/fantasy campaign settings for 5E,84982.3217324151,72817.3,0.8568523254669452
1020899030,Misspent Youth RPG: Sell Out with Me!,35652,29423,0.8252832940648491
1021205843,A Touch of Class: 7 New Classes for 5th Edition,84925.10693888,74873.9,0.8816462257019732
1026582963,Mini-Dungeon Monthly: RPG zine for D&D 5th Edition,19185,17591,0.9169142559291112
1026598212,Numenera: Into the Ninth World,417560,253980,0.6082479164670945
1035728884,ZWEIHANDER RPG Reforged Edition,166813,138142,0.8281249063322403
1037771623,RPG Treasure by Campaign Coins,53111.8217984432,51304.71,0.9659753377449356
1041616355,Black Void: Under Nebulous Skies,20411.642372882,15847.3,0.7763853447214035
1046146938,Adventures Await!,74887.66,63475,0.8476029295080124
1049138852,Through Ultan's Door,50928,32440,0.6369776939993717
1049442758,Necrobiotic - A Dystopian TTRPG,65030,51115,0.7860218360756573
1050139758,KULT: Divinity Lost - Horror Roleplaying Game (RPG),323530.9703830025,159262.46,0.4922634139521848
1055501595,Agents of Concordia the Roleplaying game,28888.4313027153,21320.1,0.7380151513452399
1063392975,Zafir: Tactical Roleplaying Game,22140,16635,0.7513550135501355
1065283803,Rifts® for Savage Worlds: American Armageddon,230387.82,224393,0.9739794404061811
1072569935,Earthdawn 4th Edition - Iopos: Lair of Deceit,31527,24384,0.7734322961271292
1073092820,Freedom Squadron - A Savage Worlds Setting,35882,35149,0.979571930215707
1076963999,SKULLKICKERS: Caster Bastards and the Great Grotesque,33636.4901413448,31261.95,0.929405828867201
1077018596,Neoclassical Geek Revival,20216.1983464751,17895.58,0.8852099535875536
1085110982,"The Strange, a Tabletop RPG by Bruce Cordell & Monte Cook",418478.42,384265,0.9182432871926826
1094441588,Kamon: Japanese Fantasy Setting for 5e,49608.7166463,35931.67,0.7243015427346257
1095031740,Dragonflight,108683,107421,0.9883882483921128
1103862733,Descent into Midnight,54600,39874,0.7302930402930403
1107612951,Uprising: The Dystopian Universe RPG,43308,38630,0.8919830054493396
1112670350,New Tales of the Miskatonic Valley 2ed for Call of Cthulhu,37990.50632892,32373.38,0.8521439466932296
1116513003,Seven Worlds - realistic science-fiction for Savage Worlds,20024,19952,0.9964043148222134
1118963986,Jiangshi: Blood in the Banquet Hall,100688,82125,0.815638407754648
1128192848,Nahual: A Tabletop RPG of Mexican Urban Fantasy,65182,52990,0.8129544966401767
1137563841,Field of Screams,23608,14372,0.6087766858691969
1138306119,"Dungeon Fantasy Roleplaying Game, Powered by GURPS",176450,160067,0.9071521677529045
1141650597,Domina Magica - A Magical Girl RPG,47110,39633,0.8412863510931862
1142235214,Arcana Note: 5E Leather Journal & Adventure Kit,76002.99,47967,0.6311199072562803
1143220912,Tome of Beasts 2 for 5th Edition: 400 New Monsters,413021,410909,0.9948864585577973
1143933257,Hyper Light Drifter: Tabletop Role-Playing Game,73711.85,72872,0.9886063095689498
1147838793,DCC Lankhmar,187171,137467,0.7344460413205037
1148690238,MONSTROUS,92169,54570,0.592064577026983
1151622238,Earthdawn Magic: Deeper Secrets,71655,31243,0.43601981717954086
1155736102,Gallows Corner - A Peasants' Revolt RPG,116122.13851288,88196.44,0.7595144313521014
1156988526,WARPLAND,35046,28964,0.8264566569651315
1157817746,Treacherous Traps for 5th Edition!,161691,158839,0.9823614177659857
1159585524,Monsters of Murka: Restaurants and Retail,82018,54970,0.6702187324733595
1159812345,Epic Legacy Campaign Codex: 5th Edition Beyond 20th Level,58770.55,44433,0.7560419291635011
1161376674,Ultimate Spheres of Power: The Complete System! (Pathfinder),43217.09,23151,0.5356908574825376
1162408509,The Yellow King Roleplaying Game from Robin D. Laws,213135.78070445,167927.43,0.7878894357623637
1176057031,The Midnight World,26128,21715,0.8311007348438457
1180505181,The Lovecraft Country Holiday Collection,22547,18256,0.8096864327848494
1180980210,Historia: Dark Fantasy Renaissance Setting for 5e,112114.447701174,68180.14,0.6081298298121667
1181207305,Barkeep on the Borderlands,31563,23870,0.7562652472832113
1185556512,The ORPHEUS Protocol,37922.6,31352,0.8267365634212844
1186035417,"Heroes of Normandie, strategic resupply",225081.84631348,90140.84000000001,0.4004802762922846
1187929391,The Black Hack RPG Second Edition,72383.58112464,57482.659999999996,0.7941394872549681
1188631987,World of Alessia Campaign Primer for 5e D&D & Starfinder,21609,19709,0.9120736730066176
1190893465,Last Fleet RPG #lastfleetrpg,23874.48116144,23746.9,0.9946561703026219
1191506987,Broken Tales,147060.48860016,112550.53,0.7653349385096327
1192342797,Sigil & Sign — Cthulhu Mythos RPG where you play the cultist,97604.87165156,95300.11,0.9763868174553031
1195215824,GRADIENT DESCENT: Module for Mothership Sci-Fi Horror RPG,63801,30896,0.4842557326687669
1195567919,Svilland: 5E Norse Setting & Freyja's Tears A Grim Adventure,243242.9153923082,163649.58,0.6727825134642129
1200394135,Cats! The Conspurracy TTRPG,78766.05679068,52552.850000000006,0.6672017381758576
1204565421,Hack The Planet,41635.87037976,34096.020000000004,0.8189097451070636
1209677578,Once More Into The Void,44872.2039160508,24105.11,0.5371946973029688
1210119689,Limitless Encounters 2 - 100 DnD5e encounters,39271,33965,0.8648875760739477
1211127319,"The Artefact, a solo RPG zine",39671.81082144,39012.6,0.9833833947130102
1216367761,Star Breach Soft Cover Rulebook,20571,15240,0.7408487676826601
1219341623,Wondrous Expeditions: Forests - Roleplaying Guide,152677.23932877,98082.81,0.6424193313372126
1235953202,Castles & Crusades Codex Egyptium,24135,22550,0.9343277397969754
1236349742,Shadows of Esteren - A Medieval Horror RPG: Occultism,129754,77802,0.59961157266828
1237480310,"Kingdoms, Warfare & More Minis!",1372685.18,1291315,0.9407218922550035
1237644644,Shadows of Esteren - A Medieval Horror RPG: Dearg,173684,153828,0.8856774371847723
1241676436,The Dark Eye RPG—English Edition,147512,116778,0.791650848744509
1243605332,Tome of Summoning: The All-In-One 5e Reference System,166202,111540,0.6711110576286687
1245986696,Vault 5e: Uncharted Dungeons,71322.3230832,61448.88,0.8615658792874388
1246106858,Ultimate NPCs: Warfare for 5th Edition,40052,38052,0.9500649156097074
1248438217,A Mystery Adventure Inspired by Edgar Allan Poe for 5e,35830.608253365,28851.33,0.8052146309096067
1253306114,ASTRA ARCANUM: The Roleplaying Game,295333,152319,0.5157534037848801
1254009610,🐉 Draconis: The Peaceful Way to Play DND 5E,98685,96805,0.9809494857374474
1263858311,Mythic Mania 2: Two New Mythic Rulebooks for Pathfinder RPG,20014,17560,0.8773858299190567
1265495309,Silver's Monster Girl Manual!,149124,118615,0.7954118719991417
1268826056,Ultimate Bestiary: Secrets of the Fey for 5th Edition!,141240,87516,0.6196261682242991
1269320637,Mythic Carpathia & City of My Nightmares for the Vaesen RPG,551230.85618615,468225.99,0.8494190496510969
1271847410,FIST Paranormal Mercenary RPG Box Set,132189.69,94165,0.7123475363320695
1273865828,Shadow of the Demon Lord Freeport Companion,42212,27270,0.6460248270633943
1277151544,RPG Sounds,62939.77846912,61437.649999999994,0.9761338774038267
1278437912,HC SVNT DRACONES 2.0: Mastered,33954.69,25870,0.7618976936617592
1279559829,Forbidden Lands - Retro Open-World Survival Fantasy RPG,356014.38737774,289328.13999999996,0.8126866504780205
1283994656,Cthulhu Awakens Roleplaying Game,91309,62068,0.6797577456767679
1284935442,"BFF! – The rpg of girlhood, friendship, and adventure!",25212.87,23630,0.9372197611775256
1286599279,Grimslingers: The Northern Territory,150469.04,128146,0.8516436338000162
1286813510,BroadSword Monthly Extra Attack,30675,25943,0.8457375713121434
1287070652,Dragon Town and the Darkness Below: Fantasy TTRPG Adventure,116379,101215,0.8697015784634685
1295647260,Zorro™: The Roleplaying Game,32124.6,31530,0.9814908201191611
1296808139,Defiant RPG Reign & Legacy,76276.30642584,65819.07,0.8629032144338676
1301485413,Paranoia RPG,349074.9200379564,182394.84,0.5225091507008508
1303186633,Darkest Doom,393299.767209932,358518.72,0.91156606204812
1305498045,Professor Primula's Portfolio of Palaeontology,369029.3180002,240653.22,0.6521249349621311
1305532954,More Magic items for 5e: The Griffon's Saddlebag | Book One,663131,442765,0.6676885864180683
1308027924,Creed's Codex: Legends of the Psionics (D&D 5E),92712,46190,0.4982095090171715
1311308632,Through the Valley of the Manticore,21259,10557,0.49658967966508305
1313878870,KULT: Divinity Lost - Horror Guide & Scenario Collection,200167.0659226764,166257.76,0.8305949794169666
1320127949,Talislanta: The Savage Land,69146,56048,0.8105747259422093
1320623133,Shadowrun: Anarchy 2.0,286392.1221963,216446.44,0.7557695314385863
1324057055,Shotguns & Sorcery for 5E,45232,38460,0.8502829854969933
1326050971,"Witch+Craft, a 5e Supplemental",161533.6,106390,0.6586245833684138
1327791986,Echoes in the Deep - A Fateforge Tale: Advanced Solo TTRPG,84295.74402522,74454.23,0.8832501671463321
1332155207,The Ultraviolet Grasslands,108793.66,76290,0.7012357153900328
1337844686,"Lex Arcana - Roma the Eternal City, Atlantis and The Fall",198662.71908742,167622.00999999998,0.8437517153192653
1342385545,The Spy Game: 5th Edition Action/Espionage Roleplaying Game,39185.20965924,28986.350000000002,0.7397268064167402
1343621031,Pirates of Pugmire - A Realms of Pugmire Tabletop RPG,47792,33515,0.701267994643455
1346159935,Red Giant: A Cursed World TRPG,36980,30406,0.8222282314764737
1346194019,Old-School Essentials,180871.3266417,130829.25,0.7233277514415999
1352812530,Corpus Malicious - The Codex of Evil for 5E,118642.61541656,117756.78,0.992533581517486
1354627632,Mythological Figures & Maleficent Monsters for D&D,156609.47476564,105573.71,0.6741208356517826
1356593011,Forgotten Ruin - The Role Playing Game,37643,28992,0.7701830353584996
1357069837,Baby Bestiary: Reprint + Digital Goodies,22855,20020,0.8759571209800919
1359956246,Apocalypse the Risen RPG (5E / 5th Edition & Pathfinder),19447,17346,0.8919627706072916
1378803389,Erevan's Guide to Death and Beyond - A 5e Tome,1280716.9038232,902409.1699999999,0.7046125238966748
1381396851,Electric Bastionland RPG,73474.2628718958,50887.770000000004,0.6925931341254025
1381400711,"Occam's Razor, a collection of scenarios for Call of Cthulhu",39010.6352806,34819.37,0.8925609580450921
1383654850,When Society Collapsed: Dam Nation - A Tabletop RPG,817977,538822,0.6587251230780328
1383912749,THE FANTASY TRIP – Old-School Roleplaying!,314572.11,290210,0.9225547681261381
1384272728,Gates of Krystalia – Lumina: The Card-Based Anime JRPG TTRPG,201566.0643296,110624.32,0.5488241305297681
1384899329,Cities of Hârn,75383.23,52346,0.6943984756291287
1396850026,Black Void RPG,54336.55829295,44766.17,0.8238683384885691
1403121700,Heckna! Carnival Horror Campaign Setting for 5e DnD,653970,400195,0.6119470312093827
1404189412,Ryuutama - Natural Fantasy Role-Playing Game,97960.79,87489,0.893102229984058
1408544541,SYMBAROUM - Monster Codex,127058.24454852,95122.57,0.7486532679402426
1412009402,"Nibiru, a Science Fiction RPG of Lost Memories",34793.560848815,33076.22,0.9506419921698388
1413351962,"The Sword, The Crown, and The Unspeakable Power",20359,16032,0.7874650031926912
1419206014,POSSIBLE WORLDS: An RPG Subscription Box,30500,21146,0.6933114754098361
1419722009,Zagalhta's Exolunar Collection: A 5th Edition Expansion,129927.5671824,79511.47,0.6119676657100575
1437164902,Bestiary - 3D Printable Models,43827.653416118,43819.56,0.9998153353992931
1438803021,Torg Eternity,355992.02,229058,0.6434357713973475
1442144222,INTERFACE ZERO 3.0,60043.46,58880,0.9806230353813721
1445684453,Dungeon Bitches: A Queer TTRPG,37345,29055,0.7780157986343553
1449042446,"MORTASHEEN: a weird, MONSTROUS pen & paper RPG world!",28103.69,21380,0.7607541927768204
1450961381,HeroBook - The 5E Player Character Notebook,163526.3643702138,124351.61,0.7604376852559107
1452914775,5th Edition Adventure: The Undying War,62384,46969,0.7529013849705053
1453368362,Trinity Continuum: Anima Tabletop Roleplaying Game,55329,32435,0.5862206076379476
1454526002,Map Maker Adventures - Dungeon Crawl RPG for 1-4 players,40061.82246948,39284.57,0.9805986742097884
1459548309,PunkApocalyptic: The RPG,41486.95,39513,0.952419977848456
1462484204,HULL BREACH Vol. 1,481022.99,365295,0.7594127673606619
1462708379,SHIVER: Roleplaying in the Strange & Unknown,64019.77937496,42620.979999999996,0.6657470615506417
1463091294,Tiny Supers: Minimalist Superhero Roleplaying,39309,38332,0.9751456409473658
1463105356,Vault of Magic for 5th Edition,474240,419470,0.8845099527665317
1467542810,Alice is Missing: A Silent Role Playing Game,138723.12,117151,0.8444951353458602
1472372289,Lex Arcana - An Empire Without End RPG,181155.5661277152,157316.13,0.8684035128630366
1478434241,INSPIRISLES,39555.78396431,27033.399999999998,0.6834247053323839
1485029332,The North Sea Epilogues RPG + Raiders Play Mat,70243.5547799052,55991.729999999996,0.7971084347231489
1485903280,Out of the Box: Encounters for 5th Edition,256734,214363,0.8349614776383338
1487861879,Monsters of the Underworld for 5E,34643.9669250114,28147.04,0.8124658489867999
1488282465,The Tome of Magical Mystery (5E Compatible),30945,30858,0.9971885603490063
1491991867,Lairs & Legends 2 - The Definitive 5e Resource Anthology,298492,166580,0.5580719081248409
1494470168,Wilderfeast,205937.5499065618,131801.73,0.6400082455084137
1498980312,Survivalist's Guide to Spelunking for DnD 5th Edition,131811,110197,0.8360227902071906
1499667041,Svilland: The Norse Mythology Setting for DnD 5E,31616.539749645,27171.190000000002,0.8593979674927927
1502598161,Mnemonic: A Weaver’s Almanac,26090,17860,0.6845534687619778
1505199645,Ptolus: Monte Cook's City by the Spire,782923,484510,0.6188475750488873
1505558165,Zander's Guide to Zombie Hunting,102607,53704,0.523395090003606
1514249917,Blade Runner RPG: Replicant Rebellion & Asset Pack,434097.8826688,273813.55,0.6307645370592816
1514336658,Flotsam: Adrift Amongst the Stars,19961.17071505,12054.2,0.603882416120592
1514567798,Hexbound: A Witchy Supplement for 5e,358507.47,287180,0.8010432809112736
1515937553,Empire of the Ghouls: A 5th Edition Campaign vs. the Undead,168687,167691,0.9940955734585356
1516103432,Under Hollow Hills,41164,27997,0.6801331260324556
1520482520,Wulfwald,23760.69035464,18548.98,0.7806582941466491
1521954228,"Pax Viking, Pax Renaissance & High Frontier 4 All: Module 3",300929.02,235226,0.7816660553375676
1525671074,Dead Man's Rust - a mega-adventure for Scarred Lands 5E,30076,18100,0.6018087511637186
1529689329,Carbon 2185 | A Cyberpunk RPG,184619.13834126,159594.38,0.8644519817062364
1533965752,Cats of Catthulhu 10th Anniversary Edition,75325,49398,0.6557982077663458
1534205096,The Broken Empires RPG™: Sim-Lite d100 Skills-Based TTRPG,523181,460696,0.8805671459781605
1537967390,Bestiary Vol #2 - 3D Printable Models,60144.143942652,46863.81,0.7791915709147855
1540688098,Spectaculars,107370,92395,0.8605290118282575
1540844778,Coriolis RPG,20659.4624658974,18191.280000000002,0.8805301701352768
1545265670,Exclusive Numenera Boxed Set Edition,286565,277650,0.9688901296389999
1548054552,Shadow of the Demon Lord,140122,83580,0.5964802101026249
1550488924,Monsters of Feyland for 5th Edition,26683.5189987902,21113.07,0.791240090969907
1553140183,Legendary Dragons: A 5th Edition Supplement,105116.53,100970,0.9605530167329535
1553292871,"Seeds of Decay - 5e campaign setting, bestiary, & adventure",126291,87194,0.6904213285190552
1553437901,Atlas Animalia - A book of monster variants,41154,39389,0.9571123098605239
1560287541,The Angry GM: The Website: The Book,89021.59,67359,0.7566591430236194
1564876572,They Came from Beyond the Grave!,56188,33550,0.5971025841816758
1569204663,Historica Arcanum: Era of the Crusades (5E+),387718.98,308238,0.7950036389758376
1570052732,"No Thank You, Evil! a Game of Make-Believe for Families",111750,102000,0.912751677852349
1575178958,Space Kings: The Book,25653.59,18471,0.7200161848692522
1576689446,Limitless Monsters - 100 DnD5e monsters,25522,21755,0.8524018493848444
1578559896,Quest Decks: Adventure Cards for your RPG Games,182961.25,182089,0.9952325970663187
1589305460,5th Edition Monsters & Treasure of Aihrde,25949,25907,0.9983814405179391
1589666710,Stars Without Number: Revised Edition,192036,191665,0.9980680705701014
1590125059,Into the Fey - A Fifth Edition Module for Levels 1-5,95493.1,93765,0.981903404539176
1590366055,Over the Edge: A Roleplaying Game of Weird Urban Danger,134333.5,119105,0.8866366170761575
1592901244,Academies of the Arcane,37269.03083445,31823.269999999997,0.8538797303680846
1595192826,Vaesen - Nordic Horror Roleplaying,284201.4119272688,188092.09000000003,0.6618267260689594
1595389419,Make GM Binder the BEST Tabletop RPG Content Platform Ever,54002,52883,0.9792785452390652
1596179847,Strata: a Spire RPG sourcebook,71674.506673,70848.61,0.9884771209271384
1596366768,Dystopia Rising: Evolution Tabletop RPG,39608,36915,0.9320086851141184
1598899255,Rifts® for Savage Worlds,438076.75,238005,0.5432952102571068
1612941899,Xenolanguage: A Game about First Contact,102409.01,89705,0.8759483174380849
1615232635,Crucible Magazine,95230,69454,0.729328992964402
1616274779,Cthulhu Dark,91978.23295455,80009.97,0.8698793989610131
1626789167,Silent Titans,55109,55095,0.9997459580104883
1629589266,Tiny Dungeon 2e - Minimalist fantasy roleplaying is back!,62585.18,48571,0.7760782984086648
1631893391,IRON KINGDOMS: REQUIEM *5e*,594119,469150,0.789656617613643
1633313249,The Ultimate Customizable Adventure Notebook for TTRPGs！,111810.16436058,53997.79,0.48294169236582896
1636787151,Broken Compass - Adventure Role Playing Game,56633.48578195,50962.94,0.8998729161086303
1639044234,Grimmerspace,188281.36,124685,0.6622269989976703
1648850656,Ginny Di’s Library of Witticisms,95234.531192218,70479.14,0.7400586648318498
1655261926,Reach of Titan,67039,57593,0.8590969435701606
1657762617,Altered Carbon: The Role Playing Game,372547,283075,0.7598370138532856
1665233817,"HYPERBOREA: Players' Manual, Referee's Screen, and more!",38324.99,37563,0.980117672568212
1666700870,Powered by GURPS: Dungeon Fantasy Monsters 2 & Game Reprint,54741.39,44843,0.8191790526327519
1683396336,Cold Warning - A Call of Cthulhu 7th Edition Adventure,21425.5,15560,0.726237427364589
1687316496,Sig: City of Blades,23098.5237752082,17703.940000000002,0.7664533098431927
1690871871,Against the Darkmaster,33070,32323,0.9774115512549139
1694004474,Sickness and Health: New Diseases For Your 5E Game,20009.95925194,9749.02,0.4872083884456095
1696265492,Venture Maidens Campaign Guide for 5th Edition,107733,71358,0.6623597226476567
1696989756,Monsters of Feyland 2 for 5th Edition,31488.7063959185,16809.16,0.5338155143197235
1698789320,Xenomorphs: The Fall of Somerset Landing Tabletop RPG,23238.4872051,19999.08,0.8606016314009861
1699343925,Thousand Year Old Vampire: A Roleplaying Game,37102,32740,0.882432213896825
1700186811,CBR+PNK: Augmented,52558,42894,0.8161269454697667
1707823139,Knights of the Shadow Realm,33020,26093,0.7902180496668686
1709101593,Zzarchov's Adventure Omnibus Volume 2,19252.787697324,11042.75,0.5735662893916844
1710069226,Old-School Essentials: Advanced Fantasy,291549.55,283640,0.9728706492601343
1715057111,Xanadu - A Nibiru Roleplaying Game Expansion,23980.01566772,13415.97,0.5594646052737787
1716929884,HELLSCAPES: Post Apocalyptic Survival for DnD 5e,22163,19220,0.8672111176284799
1720808564,Moonsoon,501567,430075,0.8574627118610275
1722469645,Black Powder and Brimstone,80991.71073752,71703.75,0.8853220823101187
1725538534,BLADE RUNNER – The Roleplaying Game,1677629.3727124976,1366114.97,0.8143127392859
1726075897,Grimtooth's Trapsylvania (DCC Sourcebook),50285,32762,0.6515263000894899
1727571435,Dark Trails RPG,59172,52535,0.8878354627188535
1728700161,The Laundry Roleplaying Game,231867.05048945,196351.53,0.8468280835311442
1735075765,2021 Quest Calendar: A Year of Adventure,61402,46332,0.7545682551056969
1735988079,Storied Yarns - A Yarn Quest Knitting RPG,39404.5,37757,0.9581900544354072
1737288572,Alternity 2017 - A Science Fiction Roleplaying Game,62043,55125,0.8884966877810551
1744558615,Rise of the Drow: After the Fall 🕷️ 5E Adventure & Setting,119823,85408,0.7127846907521929
1746964170,Designers & Dragons,115348.27,94549,0.8196828613034248
1747102975,"The Ultimate Guide to Alchemy, Crafting & Enchanting for 5E",215371,148805,0.6909240334121122
1753031239,The Assorted Magical Items Deck,37078.15555035,26163.269999999997,0.7056249053292789
1755577102,Champions Now,24610,21445,0.8713937423811459
1755692025,The Stygian Library: Remastered,32523.81015488,32474.24,0.9984758810654735
1758617049,Dragons Conquer America - RPG Core Book,66641.322211275,64843.02,0.9730152081080596
1763142897,Dragon-Blooded: What Fire Has Wrought for Exalted 3rd Ed.,331392,245700,0.7414180185399768
1764024780,Mutated Monsters: Evolve your 5th edition campaign,89181,64588,0.7242349827878135
1766764632,MÖRK BORG CULT: FERETORY,61540.8400301163,47312.520000000004,0.7687987355526287
1766989273,Gods and Goddesses: Redux,21399,21247,0.9928968643394551
1774834513,Kids on Bikes RPG - Strange Adventures in Small Towns,93471.1,90920,0.9727070720254709
1776485541,The Mimic's Grid: The Adaptable RPG Adventure Tile,99004,95910,0.9687487374247505
1779403263,The Mystery of Witchhaven: A 5e Solo Adventure,98673.24921552,84326.20999999999,0.8546005190912127
1779944851,Turn: A Tabletop Roleplaying Game,20708,13266,0.6406219818427661
1780266702,Everyone is John the RPG,24571,17081,0.695169101786659
1780419538,"Etemenanki, Technofantasy Role Playing Game",36126.66813772,21957.18,0.6077831455781116
1782214977,Irongate: Savage Worlds SciFi Expansion for The Last Parsec!,24939,24397,0.978266971410241
1789207776,13th Age Second Edition | Storytelling Action Fantasy Game,371277.57546854,289900.64999999997,0.7808191745331102
1789902757,Doppel: Bringing Your RPG Characters to Life,172973,141099,0.8157284662924271
1796339361,Tome of Beasts 3: Full Throttle 5th Edition Monster Mayhem,767501,618332,0.8056432499762215
1798179155,Absolute Power – Superhero Role-Playing Game (2-Volume Set),119095,79842,0.6704059784205886
1800161044,DEGENESIS: REBIRTH GDR EDIZIONE ITALIANA,41965.6961802,35032.79,0.8347958735051072
1805778307,Lairs & Legends,257070,145775,0.5670634457540747
1806207119,"Alien Bestiary for 5E, Starfinder, and Pathfinder RPG",43592,35929,0.8242108643787851
1806465974,Call of Cthulhu Sverige,102452.29956575,74987.1,0.7319220780581517
1808519165,Trinity Continuum: Adventure! Tabletop Roleplaying Game,104660,57410,0.5485381234473533
1810019813,POLARIS RPG,83273.017331835,71650.16,0.8604246885216249
1810789324,Return of the Lazy Dungeon Master,73720.42,72519,0.9837030228530983
1811766828,Blackstar: Death & Decay Creature Codex,21254.6057382,20692.7,0.9735631069744987
1812034328,MÖRK BORG,50943.0029938381,41187.99,0.8085112297950312
1812072872,Elder Mythos Roleplaying Game,115038.3605574,91543.2,0.795762383577461
1814278136,Lost Artifacts of Greyghast - A 5e Magic Item Compendium,43544,41911,0.9624977034723498
1814842499,Traveller RPG: The Journal of the Travellers Aid Society,84757.5230094941,61421.61,0.7246744338330872
1816612884,They Came from Beneath the Sea! -a tabletop roleplaying game,47854,43115,0.9009696159150751
1816818657,Ironsworn: Starforged,347983.95,263228,0.7564371862552856
1820674530,Household,458491.5,335790,0.7323799895963174
1825656732,Book of Ebon Tides: 5th Edition enters the Plane of Shadow!,183888,180810,0.9832615505090054
1828330968,Aventuria Compendium - The Dark Eye RPG,51709,43760,0.8462743429577056
1832103406,Worlds Without Number,223463.72,186115,0.8328645025689181
1832827316,The Sassoon Files,24183,19267,0.7967167018153248
1834000141,Deadlands: Abominable Northwest & More - Savage Worlds,218474,197530,0.904135045817809
1835677554,Imp of the Perverse: A Jacksonian Gothic American Horror RPG,27420,14401,0.525200583515682
1839549794,Comets & Cockpits - Original 5e Setting,38565,28791,0.7465577596266044
1839684496,Campaign Builder: Castles & Crowns for 5th Edition D&D TOV,259016,172702,0.6667618988788337
1840236983,The Fantasy Trip: Hexagram #5 and Ardonirane,37819,36395,0.9623469684550093
1844851436,Symbar - Mother of Darkness,172166.4863542946,75634.43,0.43930983085961856
1845631671,Remarkable Shops & Their Wares,114390.69864849,110545.90000000001,0.9663888874365159
1856852949,Top Secret: New World Order - the espionage roleplaying game,123168,102200,0.8297609768771109
1858195447,"Calidar ""On Wings of Darkness""",23173,18370,0.7927329219350105
1862475860,Wolfspell,23984.8,17814,0.7427203895800674
1864612634,Traveller RPG: The Great Rift & Deep Space Exploration,147150.98822968,144738.63,0.9836062383358604
1867241734,Castles & Crusades,83573.49,67851,0.8118722815093637
1867803421,Drinking Quest: Liquor Before Honor,51706.0499082495,48163.47,0.9314861623632886
1872505183,Song of Swords: Tabletop Roleplaying Game,35727,23271,0.6513561172222688
1873071798,Terry Pratchett's Discworld RPG: Adventures in Ankh-Morpork,3040242.54565934,2785567.16,0.9162318855043494
1873713778,Shadows of Kilforth: A Fantasy Quest Game for 1-4 heroes,211028.7380079654,185686.40000000002,0.8799104887458086
1874576551,The Codex of Quests,26052,17375,0.6669353600491325
1877094825,Monte Cook’s Diamond Throne RPG,89092.90183492,64285.479999999996,0.7215555748662714
1878723476,The Lazy DM's Companion,388314.69,334719,0.8619787214333817
1878744583,Runeway - A Self Discovery Roleplaying Game,86717.30147117,57835.560000000005,0.6669437242489378
1882083597,The Coins of Wonder - RPG / DnD 5e Enhancing Collector Coins,152226.7896783928,108921.72,0.7155226765940296
1882952109,Warring Kingdoms - The Dark Eye RPG,46235,39640,0.857359143506002
1884972597,The Burning Wheel Codex,108362,59895,0.5527306620401986
1897165631,Rifts® for Savage Worlds: Europa,141936,126065,0.888181997520009
1898298480,Delve – a Guide to Dungeons for 5E & Shadowdark RPG,428121,257705,0.6019443101366203
1900185281,Changeling: The Lost 2nd Edition,166290,145270,0.873594323170365
1909023001,Numenera 2: Discovery and Destiny,845258,652330,0.7717525299967584
1909188084,LexOccultum - Role Playing Game,125188.6515696,96701.4,0.7724454156792143
1912717573,"Legacy of Mana 5E World Guide, Immersive Map Book & Novel",25590.1671487215,18495.01,0.7227389290782347
1912882038,Midgard Campaign Setting: Dark Roads & Deep Magic,191428,167584,0.8754414192281171
1915340506,Tainted Grail TTRPG: Life and Death in Avalon,110088,75258,0.683616742969261
1919986003,Cold Shadows - Narrative Espionage Roleplaying,41959,33935,0.8087656998498535
1922865128,Monsters of the City for 5E RPG,33830.9017842072,26375.35,0.779623025370031
1928617515,Battlestations: Dirtside!,167226,123236,0.7369428198964276
1932128869,Good Society: An Expanded Acquaintance,65353.88281715,57099.57,0.8736982033608579
1933829714,SLA Industries 2nd Edition: CULT,75464.51930896,65548.33,0.8685979928082224
1933884879,Fabula Ultima TTJRPG Celebration Edition + Bestiary Vol. I,1725105.47343913,1039299.8099999999,0.6024558069067372
1936746567,Deviant: The Renegades - a tabletop roleplaying game,82569,68715,0.832213058169531
1937274380,Bergin's Book of Beasts - DnD 5e,149431.8019168,92664.97,0.6201154560900872
1938241465,Fantasy World Creator: Chronicles,176534.22731364,165408,0.9369741070445644
1938799637,Triumvene: A Narrative-Focused RPG by Pete Watson-Wailes,19577.18917588,18648.36,0.952555539636693
1944945198,Planegea: The Prehistoric 5th Edition Campaign Setting,275187,174070,0.6325516830373528
1947542270,"THE ONE RING™ Roleplaying Game, Second Edition",2052363.763070064,1417374.21,0.6906057471409436
1949307344,Mutant: Elysium - Roleplaying Humanity's Final Fall,128978.7196381558,92784.39,0.719377508633227
1952527145,Thousand Arrows: a Samurai Action & Drama TTRPG,24478,24235,0.9900727183593431
1953308526,The Moebius Deck of Wonders - Usable in any TTRPG System,23532,17959,0.7631735509094
1956132115,Cthulhu: Lovecraftian Bestiary - 3D Printable Models,39305.095255488,39281.88,0.9994093576077835
1959523962,LIMINAL_,26862.8006327512,20445.81,0.761119820659072
1960197114,Moria™ – Through the Doors of Durin for The One Ring™ RPG,1224097.2035438835,632127.46,0.5164029932998195
1961061349,"Faster, Purple Worm! Everybody Dies, Vol. 1",232336,202365,0.8710014806142827
1963408813,Chivalry & Sorcery - the Medieval Role Playing Game,41720.620671675,31205.62,0.7479663412866276
1963447663,The Red Dragon Inn - Adventure Is Nigh!,202915,168589,0.8308355715447355
1969659287,Quickstarter: Limitless NPCs Revision (100+ 5E NPCs),23394,18835,0.8051209711891938
1970283842,Tyrants & Hellions: A Book of Villains for 5th Edition,26296,13847,0.5265819896562215
1974295126,Hellboy: The Roleplaying Game,473326.4152274315,321810.89,0.6798920990821337
1976715752,A Pound of Flesh: Module for Mothership Sci-fi Horror RPG,43209,20455,0.473396746048277
1980443412,The Blood Queen's Defiance,49662,29720,0.5984454915226934
1980625041,Something Is Wrong Here: A Roleplaying Game,22518,22400,0.9947597477573497
1982182753,Galaxies in Peril: Superhero Roleplaying Forged in the Dark,29820.5130305597,29742.54,0.9973852552275075
1982463901,The Complete Curse of Roslof Keep Campaign,50871,42881,0.842936053940359
1989634883,Putrescence Regnant,68652.77,51241,0.7463792065491311
2000189628,Deadlands Lost Colony,60850,43142,0.7089893179950698
2005157916,Gary Gygax's World Builders Archive,302556,203305,0.6719582490514153
2007792608,The Big Book of Maps (for Tabletop Roleplaying Games),23562,22218,0.9429590017825312
2008734219,Esper Genesis: Heroic Sci-Fi Role-Playing for 5E,24313,22445,0.9231686751943404
2010321018,"Haunted West, a Historical Weird West RPG Corebook",53883,33915,0.6294192973665164
2013036932,Coyote & Crow the Role Playing Game,1073453.11,897515,0.8361007962425111
2018441580,Advanced Kinks and Cantrips,331011,231130,0.6982547407790074
2025535161,Nordlond Sagas for the Dungeon Fantasy RPG,24912,16440,0.6599229287090559
2025582003,Lasers & Liches - New 5E Sourcebooks,102144,100544,0.9843358395989975
2028418019,Masters and Minions: A 5th Edition Supplement,49649.42,43275,0.8716113904251047
2028896580,Fragged Empire RPG: Expanded.,68648.6447768,65657.22,0.956424124809366
2030438151,Our Haunt by Jamila R. Nedjadi,41684,27051,0.6489540351213895
2032854813,Kings of War the Roleplaying Game,27707.72521248,25053.02,0.9041889872906536
2033432418,Prowlers & Paragons Ultimate Edition,34332.5,34167,0.9951794946479283
2035657829,Lost Tomb of the Bitchin' Chimera - Dead Milkmen RPG Module,52366.5,44824,0.8559670781893004
2037307742,Tiny Cthulhu,35900,33665,0.9377437325905292
2037984393,Old-School Essentials Fantasy RPG Box Sets,772956.49,688120,0.8902441585036694
2039715193,For the Dungeon!,20634,16083,0.7794416981680721
2045449786,Fearsome Foes and Where to Fight Them,47667,28930,0.6069188327354355
2048233156,Limitless Encounters vol. 1 Revision (173 5E encounters),27470,24302,0.8846741900254823
2050783030,Fractal: Beyond the Void,569684.88947532,349651.33,0.6137626896195703
2053378096,Grimtooth's Ultimate Traps Collection,170509,161079,0.9446950014368743
2058762778,"The Veil: Cascade, a post-cyberpunk roleplaying game",20987.04062397,10412.960000000001,0.49616142583280715
2061298840,Arcana Academy - A Magic School RPG,33707,21373,0.6340819414364969
2063040180,Broadsword Magazine,40051,33670,0.8406781353773938
2064368512,IRON KINGDOMS: BORDERLANDS AND BEYOND,329457.84,279320,0.8478171288927286
2068309724,Invisible Sun – Return to the Actuality,339478,281962,0.8305751771837939
2068598935,Zombie World: A Card-Based Tabletop RPG of Zombie Horror,51150,50800,0.9931573802541545
2071397224,Dream Askew // Dream Apart,48778.7113685798,33711.020000000004,0.6911010777893271
2073111447,Treasure Decks for 5th Edition - Only $12!,45041,42685,0.947692102750827
2073570528,Stibbles' Codex of Companions,340087.39,337668,0.9928859755723374
2073721952,Knock! Issue one,62872.22454799,31210.620000000003,0.49641348344811814
2077001694,Arcanis 5E RPG,67063,36905,0.55030344601345
2080474153,Flash Gordon™ RPG for Savage Worlds,109892,94551,0.8603993011320206
2081131739,Menagerie of Magic: A collection of Magic items for DnD 5e,310198.328513555,234616.06999999998,0.7563421476971233
2092989754,Avatar Legends: The Roleplaying Game—Voyage of the Unity,543130,405114,0.7458877248540865
2096042826,Satzija's Tome of Hags - A Witchcraft Compendium,102165.23216835,72159.76,0.7063044684427833
2096216523,Voidheart Symphony,33210.40185822,24875.49,0.7490270700787379
2099111893,Beasts of the Dissonance - 5e,61236,33500,0.547063818668757
2100634744,DCC Annual (and other forbidden tomes),125613.64,104013,0.8280390569049667
2116365475,The Decks of Adventurer's Allurement - 5E Class Magic Items,45341,44052,0.9715709843188284
2118138397,The ADOM (Ancient Domains Of Mystery) Roleplaying Game,27608.67075744,27066.35,0.9803568682387994
2121801688,Southlands: New Fantasy Options for Pathfinder RPG,97728.98,88497,0.9055348781906861
2122048944,Vulcania - Beyond the Storm TTRPG,36719.75091148,22812.38,0.6212563929149089
2129150343,Legacy: Life Among the Ruins 2nd Edition,81014.066748935,57967.479999999996,0.7155236408467549
2131903166,Liminal RPG,33700.793366735,33116.33,0.9826572816736147
2132901401,The Scourge of the Scorn Lords,27837,18592,0.6678880626504293
2133896200,Fighting Fantasy - Solo Adventure Gamebooks - Back In Print!,319101,196049,0.6143791464144581
2135806060,"Beak, Feather, & Bone: A Map-Labeling RPG",21802,12895,0.5914594991285204
2142545068,The Streets of Port Noir: A 5e Solo Adventure Investigation,74979.88934808,55396,0.7388114397293187
2147160025,Player's Guide 2: New Power for 5E and TOV Players,248090,174083,0.7016929340158813
