id,name,n_tiers,entry_price,top_price,median_price,tier_rev,tier_backers,top_tier_rev_share,hhi_rev,whale_rev_share,money_max_price
19327102,Trudvang: Seed of Vanirs,12,21.04,204.38,72.13,89382.07,1202,0.12347577092363154,0.12436325148903817,0,54.1
31978058,The Thundercats Roleplaying Game is Here!,11,40,350,180,211095,2036,0.0232122977806201,0.14800820153245758,0.2168691821217935,280
40736229,Age of Antiquity: An Ancient World Setting for 5E.,4,25,250,60,110005,2063,0.04545247943275306,0.3877142793057774,0.04545247943275306,75
59430470,Sandy Petersen's Cthulhu Mythos for 5e,8,19,1700,87.5,222498,4250,0,0.3372156770226726,0,49
63683551,The Wildsea RPG,11,12,500,88,85905,1705,0.005820382981200163,0.23336140891494794,0.03492229788720098,49
69845919,Hundreds of New Monsters for Shadowdark RPG!,8,59,349,174,198806,1314,0.03335412412100239,0.3332899566281246,0.0995291892598815,149
75749337,Kamigakari: God Hunters - Modern Action Anime Roleplaying,13,1,200,55,69297,1525,0.020202894786210082,0.17622078130613078,0,65
79428668,The Dark Moon Rises,7,29.7,322.79,96.84,192170.48,1313,0.30402687238955745,0.29969090175957724,0.30402687238955745,161.4
83121044,ACUTE PARANOIA: A box full of treason and summary executions,11,1.34,334.19,106.94,88289.98,849,0.04542168884849674,0.3071681717661419,0.2392194448339438,106.94
88939782,Lairs & Legends 3: The Definitive 5e Game Master Collection,14,80,525,145,125860,816,0.004171301446051168,0.28466953967225117,0.1668520578420467,160
91289943,Your Best Game Ever!,11,20,400,100,492945,4912,0.022720587489476515,0.3064538026805155,0.603312742800921,260
100177985,Heart: The City Beneath RPG,13,1.25,748.25,62.35,90545.15,1840,0.024791499047712662,0.1782572805588723,0.13773018212460855,81.06
103372532,Advanced Player's Guide 2 and Bestiary 2,5,40,475,70,134355,1552,0.07424360835101038,0.36493157963971673,0.07424360835101038,125
120834240,Rōnin: Densetsu,21,1.31,983.03,45.87,105926.75,880,0,0.10601697567950497,0.09960751179470717,85.2
124987664,Shadows of Esteren RPG: Dark Romanticism,16,20,1000,205,98980,828,0.02020610224287735,0.11578962152692564,0.26954940391998383,200
138222945,Thirsty Sword Lesbians,9,10,69,30,182057,5920,0.18192104670515277,0.2013786805294361,0,30
141214470,The Smurfs: Roleplaying Game,9,29,999,129,124951,1009,0.06396107274051428,0.21860849678122043,0.3739946058855071,349
147748820,Heroes of Might and Magic TTRPG,8,20.4,237.97,90.66,186623.73,1931,0.4820001186344309,0.2896706848277526,0,237.97
162898685,Ultimate Kingdoms for DnD 5E or PFRPG,13,1,400,60,59459,1139,0.020181974133436486,0.22093593391095168,0.033636623555727475,60
164422068,Tales from the Loop - Roleplaying in the '80s That Never Was,6,1.08,271.16,62.364999999999995,254885.3,5593,0.053192553670219515,0.40178829542340044,0.053192553670219515,37.96
186851036,Fate of Cthulhu,7,10,127,62,67749,2123,0.02062023055690859,0.3350856914859244,0,35
194038714,A Strange Box,7,20,5000,250,157180,969,0.03181066293421555,0.3330618585966124,0.22458328031556177,160
207976437,"Eldamon! Befriend, Train, Battle, & Evolve in DnD 5E & PF2e",9,39,399,129,145854,1086,0.11489571763544366,0.1667620786374556,0.20596624021281557,159
212538961,SIN: A Spire RPG Sourcebook,10,1.38,551.15,68.895,71636.76,1204,0.03846837852521527,0.2618639577166746,0.1077127162088291,55.12
215582290,Beyond the Woods: Open World Exploration and Survival for 5e,6,41.16,259.96,108.315,166818.28,1594,0.22907633384063184,0.21317979363894402,0.22907633384063184,113.73
220682271,Mutant Chronicles 3rd Ed. RPG,23,5,1500,100,90910,875,0.04949950500494995,0.10798877326373585,0.48454515454845454,400
221664601,Adventures in Teaching and Learning with TTRPGs:,11,27,999,59,64185,1015,0.12451507361533068,0.1574272358660994,0.1804159850432344,89
223582974,Good Society: A Jane Austen Roleplaying Game,13,4.8,275.88,63.97,96815.98,2360,0.002849529592118987,0.40856077570075794,0.002849529592118987,63.97
226200089,Aizendore's Vault of Tragic Treasure - Magic Items for 5e,9,22.12,1106,131.34,86211.79000000001,1083,0.03848661534576651,0.2225825685412605,0.18217079125720506,107.84
227616328,Soldier Lune – A Magical Girl Tabletop Role-Playing Game,5,20,100,60,51230,1181,0.27327737653718526,0.3520470789074803,0,40
228757397,Battlezoo Ancestries: Living Legends for Pathfinder and 5E,14,1,399,139,81237,1117,0.02455777539790982,0.16842504792614033,0.09816955328237133,60
231163492,Robert E. Howard's Conan Roleplaying Game,23,1,1300,90,401683,4327,0.025891063350950875,0.1206988700013041,0.5032575438841076,300
237602901,Demon City: The Ultimate Horror RPG,7,1,2000,60,67030,1302,0.08951215873489482,0.624705251204151,0.08951215873489482,60
240140839,World of Darkness Dark Eras Prestige Edition,28,1,1000,75,107044,2026,0.009341952841822054,0.20672449540856055,0.12765778558349838,50
259723232,Project Infinite Hole: An R&D Sourcebox for the Paranoia RPG,9,1.26,370.32,125.53,87137.75,834,0.2039914962229344,0.29751108583417035,0.21479611305088783,125.53
284826702,Inferno - Dante's Guide to Hell for 5e,4,5.95,148.69,67.805,360539.99,3003,0.8561614482765144,0.7443050487746533,0,148.69
288262956,ZAMANORA: Ballad of the Witch,7,41.67,625.06,98.97,196467.44999999998,2079,0.07317436043476923,0.23848472545009433,0.1983126467005094,98.97
294405663,Nights of Payne Town: a new story arc for City of Mist RPG!,13,1,995,42,136452,1736,0.03645970744291033,0.18754308118647015,0.03645970744291033,159
296599506,Trinity Continuum: Aberrant,14,5,475,140,82825,1493,0.017204950196196802,0.24376854927341723,0.04829459704195593,55
310423733,Dungeon Notes,9,24,300,50,67762,1080,0.1151087630235235,0.16105590194281474,0.1151087630235235,160
327202988,The Deluge: Northern War 1655-1660,17,1,3000,200,36488,307,0.08221881166410874,0.15741986949687975,0.3521705766279325,120
329454592,"Greg Stolze's Reign, Second Edition",16,1,170,67.5,83298,1515,0.05510336382626233,0.11363030472640634,0,75
336368382,TRINITY CONTINUUM: AEON RPG,21,5,800,90,170960,1941,0,0.13468802765697147,0.05191272812353767,90
337693015,The Savage World of Solomon Kane RPG,3,31.28,139.16,63.65,121530.71999999999,1233,0.7225330352687781,0.5814315051203662,0,139.16
349472500,Earthdawn 4th Edition,27,1,1200,50,50507,676,0,0.1698028820868634,0.007721701942305027,100
362001069,Feng Shui 2: Action Movie Roleplaying Game by Robin D. Laws,21,1,650,95,113859,2321,0.022835261156342494,0.11649395758171487,0.13262017056183525,50
365943468,Fallen London: The Roleplaying Game,6,29,300,124,686192,5397,0.008306712989950334,0.295188207549143,0.4209506960151095,299
366886401,Odyssey of the Dragonlords: Remastered Edition,7,1,270,140,247458,1723,0.27386465582038166,0.22267047885668328,0.27386465582038166,270
371040605,Invisible Sun,10,197,9999,701,607141,1602,0.016468991552209454,0.26491677337277164,0.6982414299149621,539
376596708,Trudvang Adventures - for 5E,4,25.5,127.51,63.75,124086.41,1935,0.35040831626928365,0.3410889908264865,0,51
386095974,Blue Rose: The AGE Roleplaying Game of Romantic Fantasy,14,1,600,60,78227,1506,0.00766998606619198,0.25508155929071796,0.00766998606619198,40
386764160,"Bucket of Bolts, a solo RPG zine",7,6.87,43.94,20.6,60350.64,2872,0.4324785950902923,0.2744340383808603,0,43.94
407828944,Mothership Sci-Fi Horror RPG 1st Edition Boxed Set,4,29,199,79,1290202,14108,0.246474583049786,0.3708194319067072,0,99
412970632,Cults of the Blood Gods for Vampire: The Masquerade 5th Ed.,14,5,800,350,103355,2022,0.030961250060471193,0.4689716538599813,0.11416960959798751,55
418937843,Pathfinder for Savage Worlds,8,1,300,62.5,324949,2167,0.6351765969429048,0.44190143511657726,0.6351765969429048,300
420721531,MAIN GAUCHE chaos supplement for ZWEIHÄNDER Grim & Perilous,8,1,350,47.5,49156,1049,0.028480755146879325,0.29292384326924203,0.0475221743022215,50
428084629,Twisting Catacombs . Litchmyre Dungeon,12,1.33,252.2,82.3,81468.58,1014,0.19502733446440332,0.2285631934316684,0.19502733446440332,204.42
437414465,Cthulhu Britannica: London -  Call of Cthulhu RPG boxed set,11,25,3000,116,59450,617,0,0.14484065809307495,0,116
445774756,Creatures: Complete Monster Compendium 2 for 5E,9,10,290,80,345325,4041,0.25949467892564976,0.18264539217714534,0.25949467892564976,290
451993777,The Pioneer RPG: Explore the Solar System,6,1.33,185.54,96.08500000000001,84073.64,561,0.7701993157427227,0.6092183435670837,0,185.54
454195859,Primeval Thule,26,1,2500,85,68305,815,0.036600541688016984,0.0904116649208379,0.16470243759607642,125
458610231,Numenera: A new roleplaying game from Monte Cook,33,1,10000,240,394805,4645,0,0.1175269768872051,0.1836349590304074,60
468387422,Secrets of Magic: Lore & Magic Toolbox for 5E and Fateforge,9,10,400,80,99360,1160,0.11674718196457327,0.23690674260516906,0.1821658615136876,110
471896355,Old Gods of Appalachia Roleplaying Game,6,25,265,155,1376990,10965,0.46861269871240896,0.2994046144134394,0.46861269871240896,265
502160252,7th Sea: Khitai,16,20,2000,205,156555,1926,0,0.1408494187421271,0.37002970202165375,60
505885200,Mutant: Mechatron - Rise of the Robots Roleplaying,6,1.12,336.96,53.35,106225.2,1643,0.07613108753855016,0.4406293571662471,0.07613108753855016,67.39
515294080,"Eclipse Phase, Second Edition RPG",13,1,1000,75,182185,2523,0.03842248264127124,0.25305641212871477,0.07341438647528611,100
515360362,Nightmare Over Ragged Hollow,3,13.48,44.95,24.72,54432.75,2274,0.04707000840486656,0.7954606798387498,0,24.72
518211075,John Carter of Mars - The Roleplaying Game,15,1.36,1084.75,135.59,182940.13,1532,0.04150674868329874,0.16175914802262206,0.3928332181681515,135.59
518795559,How to Write Adventure Modules That Don't Suck,8,1,75,19.5,106684,3240,0.014763225975778936,0.5468338929629234,0,45
518899010,Sunken Isles | 5e Adventure Campaign & Rules Supplement,5,25,250,85,355480,4300,0.32350624507707887,0.2692269484315462,0.32350624507707887,250
522276836,THE SECRET WORLD PRINT EDITION FOR SAVAGE WORLDS,6,5,220,65,66925,633,0.5423982069480762,0.3609764106559997,0,220
544551332,Ultimate Bestiary: The Dreaded Accursed for 5th Edition!,11,1,480,70,167694,4190,0.00858706930480518,0.22414628089055005,0.04699035147351724,50
549300341,7th Sea 3rd Edition,10,11.52,806.19,120.925,353109.79000000004,2325,0.022831142687944166,0.2118319714201553,0.38761021041076205,276.41
555279400,Surviving Strangehollow: Hand-painted 5E by a Legendary Team,9,30,260,120,77530,974,0.17438410937701534,0.23701863060161246,0.17438410937701534,65
557160512,Into the Odd Remastered,2,19.19,38.39,28.79,115495.13,3127,0.9606214565064345,0.9243442523882182,0,38.39
565452076,Shinobigami - Modern Ninja Battle Tabletop RPG from Japan,10,5,110,41.5,75713,1506,0.12639837280255703,0.21399252119017,0,59
584013973,Bitter Chalice: a map-based Soulslike TTRPG,9,16.43,302.29,86.53,69694.89,689,0.004337333770094192,0.4156625188826482,0.004337333770094192,125.95
591415993,"Judges Guild Deluxe: Dark Tower, Caverns of Thracia, & More",5,1,450,150,63488,462,0.0850554435483871,0.44950063072307794,0.0850554435483871,150
604514297,Dungeons of Drakkenheim: Daggerheart,5,30,295,70,425200,3988,0.3801975540921919,0.27206970169093136,0.3801975540921919,295
625447476,Monster Hunter International RPG: Savage Worlds Edition,6,12,500,52.5,102223,2038,0.024456335658315644,0.3078679364542686,0.024456335658315644,75
626598507,Monarchies of Mau Fantasy Tabletop RPG,21,5,1000,115,84370,1441,0.011852554225435581,0.13782439307919286,0.12356287780016594,45
630656171,Monsters of Drakkenheim - 5E Monsters with Lore Lairs & Loot,7,30,475,95,637630,5066,0.41344510139108887,0.24324764479382446,0.41344510139108887,475
637189433,Fall of Magic – a role playing game of profound fantasy,6,15,375,97.5,60960,971,0.030757874015748032,0.704573701248097,0.047818241469816274,65
646409113,Spectacular Settlements for 5th Edition!,14,1,400,300,100989,2660,0.011882482250542139,0.3928707334802896,0.046787273861509666,50
646523073,Shadowdark RPG: The Western Reaches Setting,9,45,349,149,1981599,11085,0.19778320437182295,0.16540481370962276,0.4456608022107399,269
647740666,Tome of Beasts: 400+ New Monsters for 5th Edition,18,12,1750,73,175117,2264,0,0.29880793605344574,0.015418263218305476,90
649486549,Grim Hollow: Transformed,7,30,395,130,837575,5500,0.3636032594096051,0.23320271080089516,0.4076291675372355,395
666763798,Adventures & Academia: First Class,1,39.99,39.99,39.99,92376.90000000001,2310,1,1,0,39.99
670172781,Zairoo: The Pan-African Fantasy Role Playing Game,6,20,300,65,62050,1377,0.09186140209508462,0.2894477628124755,0.09186140209508462,100
674821442,Odyssey of the Dragonlords: 5th Edition Adventure Book,8,2,80,52,298502,5487,0.3540344788309626,0.23339763525937796,0,80
680310506,Apocalypse World 2nd Edition,11,1,280,50,119298,4327,0.011735318278596456,0.2416215777316834,0.011735318278596456,28
694793420,City of Brass: Epic Adventure for 5e and Swords and Wizardry,9,5,1750,225,67375,759,0,0.44293837898120964,0.1510204081632653,95
700637793,Things from the Flood - Sequel to Tales from the Loop RPG,6,1.11,221.15,52.525,364973.51999999996,5806,0.03029671851261977,0.4534913126338899,0,66.35
706682640,Desolation of Time: A Grim Adventure and Grimoire for 5E+,7,3,229,54,50517,709,0.17225884355761426,0.2896994182436011,0,89
718450083,Fantasy World Creator + APP: Modular tiles for TABLETOP RPG,5,28.25,112.99,67.79,87787.26999999999,952,0.8314592764987452,0.7022467893465832,0,112.99
727221028,Monsters & More! A Nimble TTRPG Reprint & Expansion,13,1,400,119,604598,4033,0.260007476041932,0.1989768473372785,0.346742794385691,189
739088516,The Deck of Stories and NPC Cards,10,15,120,32.5,170384,2751,0.04296178044886844,0.4766434702623872,0,85
740073300,GHOST IN THE SHELL ARISE - Tabletop Roleplaying Game,7,23.01,264.66,126.58,461063.19000000006,3212,0.6279790846022646,0.4355716683562915,0.6279790846022646,264.66
742525199,Western - the Roleplaying Game,18,1.15,862.7,158.16,72777.09,552,0,0.1773132065592775,0.44539840765823424,287.57
759188489,Dolmenwood Tabletop RPG,7,50,650,160,1181030,8759,0.009906606944785484,0.21311690522196328,0.09792299941576421,190
764242494,Dusk City Outlaws,4,20,400,92.5,96985,1448,0.06598958601845646,0.36294551118873625,0.06598958601845646,120
770262509,Book of Spirits: An Ethereal Supplement for 5E,6,25,275,87.5,145115,2009,0.29562760569203733,0.20644060407501116,0.29562760569203733,275
804672688,Carbon 2185 | A Cyberpunk RPG | Terminal Overdrive,11,19.52,260.24,78.07,121205.56,2063,0.053677405557962854,0.22116875464762534,0.053677405557962854,78.07
810800705,Fantasy World Creator,6,52.49,232.14,78.16,145377.52,1579,0.07984040448619567,0.4265185256316377,0,81.66
816378530,Windheim Falling,8,19.98,175.1,49.165,57576.55,730,0.28282868633150127,0.22183871460214455,0,175.1
819291103,Fateforge: a 5th Edition Roleplaying Game,7,15,195,75,89560,1447,0.16329834747655203,0.20113662726273715,0,75
825778086,Diceborn Heroes: A Co-op Dice Adventure Game,20,0.74,741.79,55.63,86541.75,1738,0.008571469839701647,0.11548843549099487,0.01937145944009683,43.77
840121834,Ghost Hunters for World of Darkness 20th Anniversary,9,5,325,75,42360,911,0.02301699716713881,0.36974414301267705,0.02301699716713881,55
853120791,A Touch More Class: 9 New 5th Edition Classes,18,18.89,157.46,59.83,87724.59,2111,0.10769614312247,0.1471709035293078,0,56.68
857268609,Before All Others,14,1,2000,165,91716,798,0.21806445985433295,0.15797299401053994,0.47129181386017704,2000
878356662,Level Up: Advanced 5th Edition,17,13.53,514.32,81.21,618758.89,4394,0.035742128892887505,0.19361961079650758,0.29061445888882503,162.42
885428476,DarkSpace - Sci-Fi Rules for Shadowdark,15,19,500,125,70461,930,0,0.1531409575369648,0.04967286867912746,99
888721245,"Stalingrad: Inferno on the Volga. WW2 solo, 2, 3 player game",9,2.38,891.97,184.34,55362.259999999995,623,0.04833455137127712,0.23168781087774962,0.06981633336500352,65.41
906155904,"Brancalonia 5E: Complete Knave, Grand Theft Market & Saints",8,1.15,484.15,119.30499999999999,175612.97999999998,1146,0.07443669596632323,0.3598159507846253,0.07443669596632323,206.34
911432658,Shield Maidens: A New Viking/Cyberpunk Tabletop RPG,7,1.31,295.12,52.47,47255.579999999994,500,0.02498075359566003,0.39212969563910766,0.02498075359566003,131.17
914370670,Ghoul Island,3,15,25,25,61675,2589,0.12282124037292258,0.6653959546105882,0,25
937868037,Secret Dragons: Epic New Playable Dragons for 5E and PF2,15,25,599,139,153966,1014,0.03890469324396295,0.16207059377232153,0.03890469324396295,139
938049399,Enthralling Adventures and Incredible World for 5th Edition!,28,1,2650,200,98329,306,0.10780136073793083,0.1332696103922912,0.8518341486234987,375
952889261,BRANCALONIA - THE SPAGHETTI FANTASY RPG,8,1.09,85.91,58.725,160375.76,2707,0.30105185471919194,0.22470879151089015,0,85.91
953664408,Traveller RPG: The Deepnight Revelation Campaign Box Set,4,1.29,155.18,74.35499999999999,89262.39,833,0.4728638791768851,0.4432331256800509,0,155.18
959873660,Dice Bites:Collection of Molds for RPG-Dice Treats & Crafts.,14,59,269,118,101733,1010,0.08990199836827775,0.19993010487650587,0.08990199836827775,99
959884646,Delta Green: The Labyrinth,6,1,2000,77.5,82798,1858,0,0.43965019084234847,0,45
966991044,Project: Dark,13,1,125,85,68359,2071,0.0018285814596468643,0.28833302524370136,0,35
980688609,Rise of the Drow: Collector's Edition for D&D 5E or PFRPG,4,5,99,59,149836,1748,0.8463853813502763,0.7277575138629316,0,99
981504825,Lunars: Fangs at the Gate for Exalted 3rd Ed.,27,5,800,155,241910,2362,0.009921045016741764,0.23055573373164243,0.2031333967177876,130
982134036,Blackstorm Realms: A 5th Edition Setting,12,1,2500,72.5,66895,1069,0.03737200089692802,0.17241411019489358,0.10912624261902983,85
991176262,Cairo:Otherscape & Neuro:Otherscape - Mythic Cyberpunk RPG,7,39,399,99,264458,2342,0.09655975618056553,0.27898437911252,0.27696269350898817,129
1007506307,Temeraire: The Roleplaying Game,6,29,250,124,326063,2556,0.006900506957244459,0.3055440746347799,0.006900506957244459,249
1008570694,Lone Wolf—Adventures in Magnamund,9,18.67,218.54,42.83,98654.90000000001,1129,0.19493730164441908,0.29816730584575807,0,75.78
1013378690,AFFINITY: Three sci-fi/fantasy campaign settings for 5E,11,10.31,157.07,38.87,72817.3,1151,0.10785211755997544,0.34915092652789637,0,99.16
1021205843,A Touch of Class: 7 New Classes for 5th Edition,7,12.55,87.82,40.15,74873.9,2434,0.023458107564852372,0.33362847155307346,0,43.91
1026598212,Numenera: Into the Ninth World,16,15,1800,187.5,253980,2249,0.007087172218284904,0.3056562820937994,0.0600834711394598,150
1035728884,ZWEIHANDER RPG Reforged Edition,11,20,425,100,138142,1672,0.07999015505783903,0.14010345465024618,0.07999015505783903,110
1046146938,Adventures Await!,9,1,500,50,63475,1786,0.007877116975187082,0.2028800898965504,0.027569909413154785,60
1050139758,KULT: Divinity Lost - Horror Roleplaying Game (RPG),13,45,21250,1490,1352095,1814,0,0.22292535368282174,0.9625618022402272,510
1065283803,Rifts® for Savage Worlds: American Armageddon,8,1,150,67.5,224393,1937,0.7807730187661825,0.6227934113124025,0,150
1085110982,"The Strange, a Tabletop RPG by Bruce Cordell & Monte Cook",27,10,10000,320,384265,2828,0,0.09776383777716799,0.5083991516271323,80
1095031740,Dragonflight,13,16,1200,80,107421,2001,0.022342000167565,0.11150420456608452,0.11077908416417646,45
1118963986,Jiangshi: Blood in the Banquet Hall,5,20,300,90,82125,1324,0.021917808219178082,0.4087510324360766,0.021917808219178082,65
1138306119,"Dungeon Fantasy Roleplaying Game, Powered by GURPS",7,50,1986,250,160067,1469,0.02481460888253044,0.3467597938443462,0.5624019941649434,250
1142235214,Arcana Note: 5E Leather Journal & Adventure Kit,5,19,219,54,47967,758,0.11414097191819376,0.32164489051295975,0,54
1143220912,Tome of Beasts 2 for 5th Edition: 400 New Monsters,16,15,495,62.5,410909,6428,0.024092925684275592,0.15338411749624425,0.024092925684275592,50
1143933257,Hyper Light Drifter: Tabletop Role-Playing Game,11,1,300,55,72872,984,0.024700845317817542,0.3488087176644178,0.06586892084751345,125
1147838793,DCC Lankhmar,5,1,150,50,137467,1835,0.031643958186328355,0.5843558231659762,0,100
1148690238,MONSTROUS,8,20,175,75,54570,1128,0.0032068902327286055,0.21745617166063066,0,95
1151622238,Earthdawn Magic: Deeper Secrets,7,1,350,50,31243,393,0.34727779022501043,0.24091943879620695,0.6355023525269661,350
1155736102,Gallows Corner - A Peasants' Revolt RPG,4,13.68,102.62,41.045,88196.44,1282,0.7272118919992688,0.5696743416386092,0,102.62
1157817746,Treacherous Traps for 5th Edition!,17,12,420,50,158839,3059,0.01057674752422264,0.23434736834168834,0.01057674752422264,100
1159585524,Monsters of Murka: Restaurants and Retail,13,20,350,70,54970,1122,0.006367109332363107,0.17804717204141549,0.006367109332363107,50
1162408509,The Yellow King Roleplaying Game from Robin D. Laws,19,12.74,1415.04,114.63,167927.43,1694,0.008426497088653116,0.1205693259711031,0.2202626455963746,114.63
1180980210,Historia: Dark Fantasy Renaissance Setting for 5e,14,1.1,1868.34,113.195,68180.14,1389,0,0.14761188654687635,0.0441675537773903,46.16
1186035417,"Heroes of Normandie, strategic resupply",5,1,50,36,84940,1994,0.13538968683776784,0.4793387384793122,0,47
1187929391,The Black Hack RPG Second Edition,7,1.34,93.62,16.05,57482.659999999996,1487,0.36156364371446975,0.29279279990455626,0,93.62
1191506987,Broken Tales,7,21.67,258.89,60.21,112550.53,1415,0.009200845167055188,0.503154736722792,0.009200845167055188,102.35
1192342797,Sigil & Sign — Cthulhu Mythos RPG where you play the cultist,7,37.23,640.57,88.58,95300.11,832,0.03360804095609124,0.487264232398832,0.04220194499250841,152.76
1195567919,Svilland: 5E Norse Setting & Freyja's Tears A Grim Adventure,10,1.28,84.76,40.455,163649.58,2649,0.6992135268541478,0.5102484568426433,0,84.76
1200394135,Cats! The Conspurracy TTRPG,12,25.53,331.88,81.69,52552.850000000006,623,0.012630333083743317,0.17443423710376757,0.25979637640965236,117.43
1219341623,Wondrous Expeditions: Forests - Roleplaying Guide,14,2.36,188.72,58.975,98082.81,2047,0.12314165958336634,0.10279175824599646,0,64.87
1236349742,Shadows of Esteren - A Medieval Horror RPG: Occultism,18,20,400,122.5,77802,749,0.03084753605305776,0.12134238304085819,0.2508932932315365,99
1237480310,"Kingdoms, Warfare & More Minis!",8,25,1000,92.5,1291315,17239,0.205991566736234,0.186843352735999,0.32308150993367224,40
1237644644,Shadows of Esteren - A Medieval Horror RPG: Dearg,17,25,1000,200,153828,1129,0.07800920508620017,0.1513435946585312,0.23041968952336375,199
1241676436,The Dark Eye RPG—English Edition,7,20,299,199,116778,1592,0.025604137765675043,0.2554540284955766,0.025604137765675043,125
1243605332,Tome of Summoning: The All-In-One 5e Reference System,8,1,199,87,111540,1077,0.26761699838622915,0.2381842893317218,0,149
1245986696,Vault 5e: Uncharted Dungeons,5,30.17,985.08,155.48,61448.88,860,0,0.3497093187935545,0.25956632570032195,63.82
1253306114,ASTRA ARCANUM: The Roleplaying Game,7,3,239,59,152319,1491,0.19456535297631944,0.2592493553515313,0,200
1254009610,🐉 Draconis: The Peaceful Way to Play DND 5E,6,10,180,65,96805,1162,0.5596818346159805,0.3715944215206982,0,180
1265495309,Silver's Monster Girl Manual!,5,1,275,50,118615,2194,0.16692661130548414,0.3161179120616264,0.16692661130548414,50
1268826056,Ultimate Bestiary: Secrets of the Fey for 5th Edition!,19,20,450,50,87516,1621,0,0.2077730113800157,0.006855889208830386,120
1269320637,Mythic Carpathia & City of My Nightmares for the Vaesen RPG,12,28,507.16,74.975,468225.99,5652,0.01083152176153229,0.274265834016179,0.04356281034292864,84.37
1271847410,FIST Paranormal Mercenary RPG Box Set,6,20,200,52.5,94165,1187,0.10832050124780969,0.4268720160109444,0,100
1279559829,Forbidden Lands - Retro Open-World Survival Fantasy RPG,6,1.26,377.63,66.08500000000001,289328.13999999996,3386,0.05612343825249767,0.4515025747168508,0.05612343825249767,88.11
1283994656,Cthulhu Awakens Roleplaying Game,8,1,175,57.5,62068,1067,0.09022362570084423,0.26749178625812997,0,60
1286599279,Grimslingers: The Northern Territory,7,10,150,50,128146,2397,0.11705398529801944,0.2743115838023732,0,50
1287070652,Dragon Town and the Darkness Below: Fantasy TTRPG Adventure,4,20,350,69.5,101215,1609,0.12448747715259596,0.3813639213165337,0.12448747715259596,99
1296808139,Defiant RPG Reign & Legacy,8,40.05,370.5,90.125,65819.07,616,0.13509762444227788,0.16897566664301553,0.13509762444227788,170.23
1301485413,Paranoia RPG,18,1,250,65,113659,2891,0.010997809236400109,0.21618983220253962,0.010997809236400109,30
1303186633,Darkest Doom,4,108.46,163.24,130.37,358518.72,2539,0.11701670696581758,0.5009647860617554,0,152.28
1305498045,Professor Primula's Portfolio of Palaeontology,14,6.44,1932.83,83.76,240653.22,2973,0.04015799165288542,0.09854435582945627,0.04015799165288542,122.41
1305532954,More Magic items for 5e: The Griffon's Saddlebag | Book One,10,20,1000,140,442765,6417,0.02258534437003828,0.12977310568009973,0.02258534437003828,40
1308027924,Creed's Codex: Legends of the Psionics (D&D 5E),3,20,50,50,46190,1222,0.13098073176012123,0.49094829891370395,0,50
1313878870,KULT: Divinity Lost - Horror Guide & Scenario Collection,10,5.44,846.07,65.275,166257.76,1599,0.061066863886533776,0.30271031056618464,0.19651798508532772,125.11
1320623133,Shadowrun: Anarchy 2.0,26,35.12,175.61,111.22,216446.44,2310,0.005679326488345108,0.0954481211374212,0,58.54
1326050971,"Witch+Craft, a 5e Supplemental",18,15,1000,155,106390,2932,0.028198138922831094,0.2631647659125538,0.028198138922831094,35
1327791986,Echoes in the Deep - A Fateforge Tale: Advanced Solo TTRPG,7,11.41,285.3,57.06,74454.23,1077,0.12645218411364942,0.4461868247446881,0.12645218411364942,91.3
1332155207,The Ultraviolet Grasslands,8,1,222,50,76290,1386,0.008729846637829336,0.22994113550853318,0,75
1337844686,"Lex Arcana - Roma the Eternal City, Atlantis and The Fall",9,1.08,486.42,80.17,167622.00999999998,1398,0.1654075142041311,0.4698309663730953,0.1654075142041311,128.92
1346194019,Old-School Essentials,16,11.28,225.54,93.035,130829.25,2061,0.0172392641553781,0.17587117805677482,0,78.94
1352812530,Corpus Malicious - The Codex of Evil for 5E,10,1.26,664.22,61.760000000000005,117756.78,2202,0.03384365639074031,0.21300443815587328,0.03384365639074031,78.14
1354627632,Mythological Figures & Maleficent Monsters for D&D,6,18.55,148.41,74.205,105573.71,1829,0.14900925618698063,0.25057923897851325,0,98.94
1378803389,Erevan's Guide to Death and Beyond - A 5e Tome,10,1.09,800.62,150.12,902409.1699999999,5380,0.21292868732705808,0.14862150716387307,0.5537259334366028,800.62
1381396851,Electric Bastionland RPG,8,1.28,383.25,38.325,50887.770000000004,1268,0.02259383737978693,0.650246843918824,0.02259383737978693,51.1
1383654850,When Society Collapsed: Dam Nation - A Tabletop RPG,9,30,499,150,538822,3802,0.06945707487816014,0.22414681071853795,0.6082713771894985,250
1383912749,THE FANTASY TRIP – Old-School Roleplaying!,11,25,2250,500,290210,3330,0.0232590193308294,0.4772001204613851,0.05943971606767513,110
1384272728,Gates of Krystalia – Lumina: The Card-Based Anime JRPG TTRPG,28,1.37,585.6,123.14,110624.32,653,0.052935918611748296,0.13781442602654984,0.4608850025021623,205.23
1384899329,Cities of Hârn,5,1,999,49,52346,912,0.24809918618423565,0.48334677562256184,0.24809918618423565,79
1403121700,Heckna! Carnival Horror Campaign Setting for 5e DnD,9,20,400,80,400195,5049,0.15192593610614824,0.28356457605370383,0.15192593610614824,120
1404189412,Ryuutama - Natural Fantasy Role-Playing Game,15,1,500,78,87489,2035,0.022860016687812183,0.3753560978377469,0.03143252294574175,50
1408544541,SYMBAROUM - Monster Codex,17,1.23,369.08,98.46,95122.57,1243,0.07760093109343029,0.19331734699738976,0.07760093109343029,67.65
1419722009,Zagalhta's Exolunar Collection: A 5th Edition Expansion,6,20.76,207.64,55.37,79511.47,1671,0.15146393344255865,0.19244320374291157,0,41.53
1438803021,Torg Eternity,7,1,1000,70,229058,1683,0.04365706502283265,0.48588668704872945,0.04365706502283265,200
1450961381,HeroBook - The 5E Player Character Notebook,14,3.92,783.83,146.57999999999998,124351.61,3318,0.0063033361610677985,0.2244372992345698,0.009454964033035036,22.73
1462484204,HULL BREACH Vol. 1,4,25,125,65,365295,4779,0.5057556221683844,0.36256570499642365,0,125
1463105356,Vault of Magic for 5th Edition,8,25,599,82.5,419470,7761,0.01570791713352564,0.2370106341384996,0.01570791713352564,49
1467542810,Alice is Missing: A Silent Role Playing Game,6,1,300,20,117151,4724,0.007682392809280331,0.393742320995783,0.007682392809280331,40
1472372289,Lex Arcana - An Empire Without End RPG,9,1.16,186.18,52.36,157316.13,1634,0.3893638878607044,0.27613970833839974,0,186.18
1485029332,The North Sea Epilogues RPG + Raiders Play Mat,7,0.65,287.22,31.33,55991.729999999996,1701,0.08207497785833731,0.3862697428794761,0.08207497785833731,24.81
1485903280,Out of the Box: Encounters for 5th Edition,10,1,5000,82.5,214363,4037,0,0.19903681601525017,0,115
1491991867,Lairs & Legends 2 - The Definitive 5e Resource Anthology,8,80,1000,145,166580,1444,0.006003121623244087,0.26822234270909595,0.01320686757113699,120
1494470168,Wilderfeast,6,23.73,134.82,86.28999999999999,131801.73,1608,0.2035571156767062,0.26071936054371725,0,124.04
1498980312,Survivalist's Guide to Spelunking for DnD 5th Edition,4,19,99,34,110197,3003,0.07366806718876194,0.6068492722584224,0,39
1505199645,Ptolus: Monte Cook's City by the Spire,10,40,400,210,484510,3482,0.11145280799157913,0.27001979925105846,0.2377866297909228,150
1505558165,Zander's Guide to Zombie Hunting,9,25,189,85,53704,903,0.14429092805005214,0.141577216053996,0,55
1514249917,Blade Runner RPG: Replicant Rebellion & Asset Pack,10,37.36,375.31,79.60499999999999,273813.55,3663,0.0013706772363895068,0.3321527497777369,0.0013706772363895068,65.52
1514567798,Hexbound: A Witchy Supplement for 5e,5,20,300,50,287180,4842,0.1546068667734522,0.30099020189946707,0.1546068667734522,100
1515937553,Empire of the Ghouls: A 5th Edition Campaign vs. the Undead,18,10,5000,77,167691,2294,0,0.265926272442021,0.031009416128474396,85
1521954228,"Pax Viking, Pax Renaissance & High Frontier 4 All: Module 3",9,1,119,74,235226,3244,0.36626903488559936,0.26775744735107265,0,119
1529689329,Carbon 2185 | A Cyberpunk RPG,12,19.27,642.21,89.905,159594.38,3146,0.012072041634548785,0.2906508834229426,0.04647682455986232,44.95
1533965752,Cats of Catthulhu 10th Anniversary Edition,9,1,288,50,49398,632,0.06996234665371068,0.2728082929680282,0.06996234665371068,89
1534205096,The Broken Empires RPG™: Sim-Lite d100 Skills-Based TTRPG,10,39,469,142,460696,4196,0.10892866445551948,0.13936358311206148,0.22886675812249294,125
1540688098,Spectaculars,6,20,230,120,92395,1419,0.004978624384436387,0.28664101288041316,0,65
1545265670,Exclusive Numenera Boxed Set Edition,6,20,350,200,277650,1961,0.013866378534125697,0.546214400277288,0.28363047001620745,120
1548054552,Shadow of the Demon Lord,14,6,6666,141,83580,1024,0,0.2672832421774548,0.06374730796841349,102
1553140183,Legendary Dragons: A 5th Edition Supplement,12,5,2000,52.5,100970,2469,0,0.21138712535351725,0.06239477072397742,40
1553292871,"Seeds of Decay - 5e campaign setting, bestiary, & adventure",7,1,500,50,87194,1272,0.06881207422529073,0.26655599678570574,0.06881207422529073,120
1560287541,The Angry GM: The Website: The Book,7,1,10000,45,67359,2198,0,0.3361586012192169,0,25
1569204663,Historica Arcanum: Era of the Crusades (5E+),9,3,349,99,308238,2500,0.07586021191417022,0.23380823960379324,0.29993706162121475,199
1570052732,"No Thank You, Evil! a Game of Make-Believe for Families",10,20,5000,165,102000,1473,0,0.5148292195309497,0.023529411764705882,70
1578559896,Quest Decks: Adventure Cards for your RPG Games,16,14,270,62.5,182089,3582,0.0029655827644723184,0.09190500562909341,0.0029655827644723184,129
1589666710,Stars Without Number: Revised Edition,5,20,175,55,191665,3112,0.4601779145905617,0.2925943039241821,0,175
1590125059,Into the Fey - A Fifth Edition Module for Levels 1-5,11,1,2500,65,93765,2119,0,0.2383471524984023,0.047992321228603425,50
1590366055,Over the Edge: A Roleplaying Game of Weird Urban Danger,18,20,750,105,119105,2144,0.006296964862936065,0.10614981081322741,0.03442340791738382,40
1595192826,Vaesen - Nordic Horror Roleplaying,8,1.05,209.18,86.285,188092.09000000003,2649,0.050045166705309084,0.33534345715999336,0,67.98
1596179847,Strata: a Spire RPG sourcebook,13,1.31,4587.29,78.64,70848.61,1287,0,0.1709882343490772,0.03884875087881047,78.64
1598899255,Rifts® for Savage Worlds,8,15,240,70,238005,2677,0.29747274216928216,0.2520052935191952,0,85
1612941899,Xenolanguage: A Game about First Contact,4,55,250,102.5,89705,1126,0.15049328354049385,0.37428302240862626,0.15049328354049385,85
1616274779,Cthulhu Dark,9,19.21,8535.21,89.63,80009.97,1722,0,0.22078815460845735,0.023604433297500296,40.97
1631893391,IRON KINGDOMS: REQUIEM *5e*,6,10,100,50,469150,5389,0.29244378130661836,0.4446775853832765,0,100
1633313249,The Ultimate Customizable Adventure Notebook for TTRPGs！,9,35.03,359.24,89.04,53997.79,666,0.04657005407073142,0.36318740192035204,0.04657005407073142,85.1
1639044234,Grimmerspace,13,20,1450,80,124685,1878,0,0.17269435326222066,0.03909852829129406,190
1648850656,Ginny Di’s Library of Witticisms,5,1.37,109.85,60.42,70479.14,955,0.1558617202196281,0.5806816282404925,0,79.64
1657762617,Altered Carbon: The Role Playing Game,9,25,5000,250,283075,2905,0.017663163472577938,0.2037415331802167,0.4318643469045306,250
1696265492,Venture Maidens Campaign Guide for 5th Edition,6,5,250,72.5,71358,1315,0.08408307407718826,0.2625379364315574,0.2592561450713305,45
1710069226,Old-School Essentials: Advanced Fantasy,11,15,370,100,283640,3575,0.032611761387674514,0.16577682267934504,0.032611761387674514,70
1720808564,Moonsoon,8,40,495,107.5,430075,3482,0.27277800383654016,0.17768226457259237,0.38380515026448875,495
1722469645,Black Powder and Brimstone,9,31,752.35,87.91,71703.75,1215,0.010492477729546921,0.30941826139202405,0.010492477729546921,48.12
1725538534,BLADE RUNNER – The Roleplaying Game,5,30.27,223.3,91.23,1366114.97,14163,0.020922397183013083,0.4072180848589868,0,131.87
1728700161,The Laundry Roleplaying Game,8,5.43,450.5,127.55000000000001,196351.53,1346,0.013766126497715603,0.2885858622229605,0.31360641804013445,157.4
1744558615,Rise of the Drow: After the Fall 🕷️ 5E Adventure & Setting,12,19,888,82.5,85408,1137,0,0.15522870683768625,0,91
1746964170,Designers & Dragons,17,1,625,80,94549,2464,0.01983098710721425,0.2510880953261854,0.01983098710721425,85
1747102975,"The Ultimate Guide to Alchemy, Crafting & Enchanting for 5E",12,5,360,47.5,148805,3016,0.009677094183663183,0.30344352008975106,0.009677094183663183,100
1763142897,Dragon-Blooded: What Fire Has Wrought for Exalted 3rd Ed.,34,5,800,157.5,245700,2042,0.009768009768009768,0.12868273912433453,0.28713878713878715,140
1764024780,Mutated Monsters: Evolve your 5th edition campaign,8,1,300,67.5,64588,1166,0.1718585495757726,0.20507540170325195,0.1718585495757726,45
1774834513,Kids on Bikes RPG - Strange Adventures in Small Towns,5,10,500,35,90920,3027,0.027496700395952485,0.6006589663485873,0.027496700395952485,35
1776485541,The Mimic's Grid: The Adaptable RPG Adventure Tile,8,10,5000,125,95910,730,0,0.21899485212526285,0.17516421645292463,200
1779403263,The Mystery of Witchhaven: A 5e Solo Adventure,6,18.08,180.78,52.06,84326.20999999999,2086,0.16293012575805318,0.17664214963614805,0,25.31
1789207776,13th Age Second Edition | Storytelling Action Fantasy Game,15,1.25,1380.19,125.47,289900.64999999997,2501,0,0.2731244966635835,0.24215727008545862,112.92
1789902757,Doppel: Bringing Your RPG Characters to Life,18,98,879,229,141099,1089,0.00622966853060617,0.15909126642374527,0.13609593264303788,98
1796339361,Tome of Beasts 3: Full Throttle 5th Edition Monster Mayhem,12,29,599,54,618332,8758,0.017437234366004025,0.20564493070973952,0.017437234366004025,89
1798179155,Absolute Power – Superhero Role-Playing Game (2-Volume Set),10,1,350,59.5,79842,741,0.07013852358407856,0.24131462179072674,0.07013852358407856,200
1805778307,Lairs & Legends,13,5,1000,140,145775,1114,0.027439547247470417,0.20342306822525663,0.03086949065340422,175
1806465974,Call of Cthulhu Sverige,19,5.19,622.95,197.27,74987.1,396,0.04153714438883488,0.1603593155413651,0.3633100893353656,186.88
1808519165,Trinity Continuum: Adventure! Tabletop Roleplaying Game,4,5,225,40,57410,1304,0.01959588921790629,0.6574437709595119,0,55
1810019813,POLARIS RPG,8,1.12,375.95,166.78,71650.16,715,0.020988089907963917,0.2445186524988594,0.020988089907963917,88.13
1810789324,Return of the Lazy Dungeon Master,2,8,13,10.5,72519,6723,0.6716998303892773,0.5589616635114132,0,13
1812072872,Elder Mythos Roleplaying Game,5,16.1,236.06,91.21,91543.2,1264,0.015472039430563932,0.4015899626301864,0,91.21
1814842499,Traveller RPG: The Journal of the Travellers Aid Society,4,1.32,131.77,52.705,61421.61,712,0.5921127759431901,0.4707709791735116,0,131.77
1816818657,Ironsworn: Starforged,5,10,170,40,263228,5380,0.0032291397571686904,0.6629046748069675,0,68
1820674530,Household,3,30,150,60,335790,2890,0.893415527561869,0.8038728705064154,0,150
1825656732,Book of Ebon Tides: 5th Edition enters the Plane of Shadow!,17,24,599,75,180810,2641,0.03975443836071014,0.16417690928341896,0.04691665283999779,78
1832103406,Worlds Without Number,7,20,330,80,186115,3835,0.04078123740697955,0.3141529745079622,0.055557048061682296,80
1834000141,Deadlands: Abominable Northwest & More - Savage Worlds,8,20,400,40,197530,2015,0.10530046068951551,0.5203279511740665,0.10530046068951551,120
1839684496,Campaign Builder: Castles & Crowns for 5th Edition D&D TOV,8,29,549,89,172702,2546,0.02543108939097405,0.22685305587981158,0.02543108939097405,99
1844851436,Symbar - Mother of Darkness,9,5.48,328.23,65.21,75634.43,994,0.04773659297756327,0.21705629841577184,0.04773659297756327,76.17
1845631671,Remarkable Shops & Their Wares,12,1.12,279.64,61.519999999999996,110545.90000000001,3180,0.012648139822462883,0.24239607271940142,0.02453731888744856,55.93
1856852949,Top Secret: New World Order - the espionage roleplaying game,7,10,5000,100,102200,1928,0,0.3556652902294339,0.008806262230919765,50
1864612634,Traveller RPG: The Great Rift & Deep Space Exploration,7,1.29,323.32,129.33,144738.63,1130,0.28369509922817426,0.22202178224801794,0.3819808851306662,193.99
1867241734,Castles & Crusades,10,1,240,114.5,67851,682,0.1308750055268161,0.5126492956314149,0,99
1873071798,Terry Pratchett's Discworld RPG: Adventures in Ankh-Morpork,8,1.31,457.08,117.535,2785567.16,17273,0.04102216655943057,0.25837938282163175,0.4443960489539947,391.78
1873713778,Shadows of Kilforth: A Fantasy Quest Game for 1-4 heroes,6,1.33,264.72,67.17500000000001,185686.40000000002,2756,0.009979406138521722,0.46332653001536317,0.009979406138521722,133.02
1877094825,Monte Cook’s Diamond Throne RPG,4,35.51,165.71,94.695,64285.479999999996,815,0.19590675841574182,0.29838078790609107,0,118.37
1878723476,The Lazy DM's Companion,5,2,75,20,334719,10306,0.559499161983634,0.3908631908308247,0,75
1878744583,Runeway - A Self Discovery Roleplaying Game,7,22.9,572.54,103.06,57835.560000000005,630,0.039597783785615626,0.40911794206346663,0.039597783785615626,103.06
1882083597,The Coins of Wonder - RPG / DnD 5e Enhancing Collector Coins,10,8.47,168.24,100.46000000000001,108921.72,1104,0.2965623385308275,0.24974243646120656,0,162.19
1884972597,The Burning Wheel Codex,9,25,500,60,59895,1679,0.008347942232239752,0.353569472848459,0.015026296018031555,50
1897165631,Rifts® for Savage Worlds: Europa,10,20,600,100,126065,1369,0.10946733827787253,0.345522021570681,0.21179550232023162,100
1898298480,Delve – a Guide to Dungeons for 5E & Shadowdark RPG,9,25,500,90,257705,4712,0.009701014726140354,0.15078258108946757,0.009701014726140354,40
1900185281,Changeling: The Lost 2nd Edition,18,5,800,87.5,145270,2486,0.011013973979486473,0.1408700004538137,0.04818613616025332,50
1909023001,Numenera 2: Discovery and Destiny,15,25,5000,170,652330,3450,0.015329664433645548,0.3476370535573367,0.702573850658409,280
1909188084,LexOccultum - Role Playing Game,5,11.16,111.6,66.96,96701.4,1424,0.13271783035199078,0.6468813224434945,0,66.96
1912882038,Midgard Campaign Setting: Dark Roads & Deep Magic,22,19,649,80,167584,1806,0.007745369486347145,0.1278356043336521,0.046687034561772006,145
1915340506,Tainted Grail TTRPG: Life and Death in Avalon,8,10,340,94.5,75258,713,0.22137181429216826,0.3968919867369025,0.2944537457811794,99
1928617515,Battlestations: Dirtside!,10,1,299,147,123236,841,0.16741049693271445,0.31266874367235176,0.18924664870654678,145
1933829714,SLA Industries 2nd Edition: CULT,11,31.71,348.76,164.87,65548.33,640,0.09045112209571167,0.20339594140244324,0.09857733980408044,101.46
1933884879,Fabula Ultima TTJRPG Celebration Edition + Bestiary Vol. I,8,1.17,527.66,126.055,1039299.8099999999,4561,0.007107900847205966,0.5222839503920527,0.8460634376523171,469.03
1936746567,Deviant: The Renegades - a tabletop roleplaying game,11,5,650,125,68715,1625,0.02837808338790657,0.3649173776621406,0.053845594120643235,50
1937274380,Bergin's Book of Beasts - DnD 5e,6,26.03,227.75,78.085,92664.97,1449,0.15729784405045402,0.33141821568272345,0,58.56
1938241465,Fantasy World Creator: Chronicles,5,44.51,199.71,97,165408,974,0.7630629715612304,0.6071074891535241,0,199.71
1944945198,Planegea: The Prehistoric 5th Edition Campaign Setting,5,20,230,60,174070,2485,0.02510484287930143,0.3757188927450837,0,125
1947542270,"THE ONE RING™ Roleplaying Game, Second Edition",5,35.83,240.21,95.94,1417374.21,12446,0.024404451383378847,0.4554525197641426,0,144.03
1949307344,Mutant: Elysium - Roleplaying Humanity's Final Fall,7,1.11,277.2,66.53,92784.39,1472,0.05377628715347484,0.41156591453482816,0.05377628715347484,66.53
1960197114,Moria™ – Through the Doors of Durin for The One Ring™ RPG,10,22.66,109.45,72.9,632127.46,10104,0.4467152874516795,0.2866368036151675,0,109.45
1961061349,"Faster, Purple Worm! Everybody Dies, Vol. 1",8,25,225,110,202365,3329,0.200133422281521,0.2111220185621972,0,40
1963447663,The Red Dragon Inn - Adventure Is Nigh!,5,1,110,60,168589,2733,0.23228087241753614,0.5641160021268254,0,60
1974295126,Hellboy: The Roleplaying Game,5,13.13,131.29,98.47,321810.89,4227,0.017134845871747843,0.34676092028506195,0,124.73
2005157916,Gary Gygax's World Builders Archive,14,50,950,337.5,203305,770,0.0841100809129141,0.14785432719828795,0.8648336243574924,450
2013036932,Coyote & Crow the Role Playing Game,9,5,400,60,897515,14910,0.022283750132309765,0.2558665284858442,0.022283750132309765,100
2018441580,Advanced Kinks and Cantrips,4,15,130,62.5,231130,3887,0.40046726950201184,0.34394447222384616,0,80
2025582003,Lasers & Liches - New 5E Sourcebooks,20,1,1000,72,100544,1639,0.02983768300445576,0.21862503036789857,0.08603198599618078,50
2037984393,Old-School Essentials Fantasy RPG Box Sets,13,60,350,100,688120,5538,0.02441434633494158,0.21736259709206573,0.02441434633494158,100
2050783030,Fractal: Beyond the Void,3,1.16,137.91,91.55,349651.33,3186,0.9292570401491108,0.8682641444389544,0,137.91
2053378096,Grimtooth's Ultimate Traps Collection,10,1,1000,100,161079,2260,0,0.24410106996440986,0.07809832442466119,80
2064368512,IRON KINGDOMS: BORDERLANDS AND BEYOND,6,10,100,50,279320,3093,0.10883574394959186,0.6620387837002484,0,100
2068309724,Invisible Sun – Return to the Actuality,7,43,917,368,281962,1170,0.03252211290883169,0.30791217409951865,0.24618920280037734,216
2073570528,Stibbles' Codex of Companions,10,25,1000,97.5,337668,6367,0.0059229775992987194,0.19484578539464517,0.13126799104445788,50
2080474153,Flash Gordon™ RPG for Savage Worlds,8,1,500,60,94551,1010,0.005288151368044759,0.4247558986705436,0.005288151368044759,175
2081131739,Menagerie of Magic: A collection of Magic items for DnD 5e,8,1.24,618.5,49.480000000000004,234616.06999999998,7354,0.007908665420915116,0.26192138790630337,0.007908665420915116,37.11
2092989754,Avatar Legends: The Roleplaying Game—Voyage of the Unity,5,29,349,99,405114,2626,0.5289523442784007,0.35234181385687696,0.5289523442784007,349
2096042826,Satzija's Tome of Hags - A Witchcraft Compendium,13,16.07,535.71,85.71,72159.76,1523,0.014847887520690203,0.1257834350864793,0.014847887520690203,53.57
2100634744,DCC Annual (and other forbidden tomes),16,1,300,45,104013,1489,0.12979146837414554,0.20100329143217557,0.12979146837414554,150
2121801688,Southlands: New Fantasy Options for Pathfinder RPG,26,5,5005,98,88497,1006,0,0.15949280171627261,0.10209385628891375,125
2129150343,Legacy: Life Among the Ruins 2nd Edition,12,1.3,520.5,74.82,57967.479999999996,1543,0,0.29092767869334296,0.02693751738043469,39.04
2133896200,Fighting Fantasy - Solo Adventure Gamebooks - Back In Print!,4,1,60,37.5,196049,3532,0.976898632484736,0.9545864679342413,0,60
2142545068,The Streets of Port Noir: A 5e Solo Adventure Investigation,7,18.56,194.15,47.11,55396,1459,0.13668586179507547,0.15721994022044686,0,27.84
2147160025,Player's Guide 2: New Power for 5E and TOV Players,6,29,189,84,174083,2647,0.006514134062487434,0.32950799551053944,0,59
